name,slug,description,island,cuisine,price_level,address,neighborhood,latitude,longitude,phone,website,instagram,facebook,hero_image_url,features,dietary_options,monday,tuesday,wednesday,thursday,friday,saturday,sunday
Island View Steakhouse,,"An intimate hillside steakhouse in Charlotte Amalie featuring Prime steaks, fresh seafood, and handmade pasta in a romantic, upscale setting.",St. Thomas,Steakhouse;Seafood,$$$,"332 Scott Free Road, Charlotte Amalie, St. Thomas 00802",Charlotte Amalie,18.35,-64.93,(340) 514-0558,https://islandviewstthomas.com,,STTSteak,https://islandviewstthomas.com/cdn/shop/files/ACQ08460_2.jpg?v=1778353572&width=3200,,,closed,17:00-20:30,17:00-20:30,17:00-20:30,17:00-20:30,17:00-20:30,closed
The Dog House Pub,,"A neighborhood sports bar and grill in Havensight serving burgers, tacos, and cold drinks, with 20+ screens for game day and weekly trivia, bingo, and DJ nights.",St. Thomas,American;Bar & Grill,$$,"14B Estate Thomas, Havensight, St. Thomas, USVI 00802",Havensight,18.33,-64.92,(340) 513-8586,https://dhpvi.com,doghousepubvi,DogHouseVI,https://dhpvi.com/owned/entrance-hero.jpg,,,11:00-01:00,11:00-01:00,11:00-01:00,11:00-02:00,11:00-02:00,11:00-02:00,12:00-01:00
The Old Stone Farmhouse,,"A candlelit fine-dining restaurant in a restored 200-year-old field house near Mahogany Run, serving wild game, fresh fish, and handmade pasta.",St. Thomas,American;Seafood,$$$,"6 Thomas St, Mahogany Run Tennis Village, St. Thomas 00802",Mahogany Run,18.362135,-64.9028837,(340) 777-6277,https://oldstonefarmhouse.net,,,https://static.wixstatic.com/media/100d47_3c1bfa41f98d477eaa72c60744df6f69~mv2.jpg,,,closed,closed,17:30-22:00,17:30-22:00,17:30-22:00,17:30-22:00,17:30-22:00
Oceana Restaurant & Bistro,,"Waterfront seafood dining in a restored 1600s building overlooking Charlotte Amalie harbor, with fresh local catch and Caribbean-influenced dishes.",St. Thomas,Seafood;Caribbean,$$$,"8 Honduras, Charlotte Amalie, St. Thomas 00802",Charlotte Amalie,18.3414575,-64.9335173,(340) 774-4262,https://www.oceanavi.com,,,https://images.squarespace-cdn.com/content/v1/608efd0184c038365beb34b0/4f5d37a4-aa2b-47d3-9fda-dd0badc5720e/Restaurant+Front.png,waterfront,,17:00-21:30,17:00-21:30,17:00-21:30,17:00-21:30,17:00-21:30,17:00-21:30,closed
Pizza Pi,,"The Caribbean's only floating pizzeria - a sailboat anchored in Christmas Cove serving wood-fired New York-style pizza, reachable only by boat.",St. Thomas,Pizza;American,$$,"Christmas Cove, Great St. James Island, St. Thomas 00802",Christmas Cove,18.30972,-64.82889,(340) 643-4674,https://pizza-pi.com,,,https://pizza-pi.com/cdn/shop/files/Pizza_Pi_Aerials-7_c3632904-44c1-4318-ba44-500ce55129b6.jpg?v=1715194508&width=3840,waterfront,,11:00-18:00,11:00-18:00,11:00-18:00,11:00-18:00,11:00-18:00,closed,closed
The Ideal Restaurant,,A casual Trinidadian eatery in Charlotte Amalie known for authentic roti and Caribbean home cooking.,St. Thomas,Trinidadian;Caribbean,$,"2329 Commandant Gade, Charlotte Amalie, St. Thomas 00802",Charlotte Amalie,18.3441251,-64.9305883,(340) 777-5321,https://idealstthomas.com,,idealstthomasusvi,https://dynamic-media-cdn.tripadvisor.com/media/photo-o/06/29/08/f1/ideal-restaurant.jpg?w=1200&h=1200&s=1,,,11:00-16:00,11:00-16:00,11:00-16:00,11:00-16:00,11:00-16:00,11:00-15:00,closed
Morgan's Mango,,"A lively open-air restaurant on Cruz Bay's waterfront serving Caribbean, Cuban, and Latin-influenced seafood with a long rum and tropical cocktail list.",St. John,Caribbean;Cuban;Seafood,$$,"Cruz Bay, St. John 00830",Cruz Bay,18.3304863,-64.7929943,(340) 693-8141,https://morgansmango.com,,,https://dynamic-media-cdn.tripadvisor.com/media/photo-o/16/e8/9d/a7/balcony.jpg?w=1400,outdoor-seating,,17:30-22:00,17:30-22:00,17:30-22:00,17:30-22:00,17:30-22:00,17:30-22:00,17:30-22:00
La Tapa Plage,,"Beachside Mediterranean and Spanish-inspired small plates at Wharfside Village in Cruz Bay, with hours that shift seasonally.",St. John,Spanish;Mediterranean,$$$,"Wharfside Village, Cruz Bay, St. John 00830",Cruz Bay,18.3304863,-64.7929943,(340) 693-7755,https://www.latapastjohn.com,latapastjohn,,https://images.squarespace-cdn.com/content/v1/55f03213e4b07e649d0795f5/512b3b4c-6fba-49e5-81ca-6cfd1d2daeef/IMG_9067.jpg,waterfront;outdoor-seating,,17:00-21:30,17:00-21:30,17:00-21:30,17:00-21:30,17:00-21:30,17:00-21:30,17:00-21:30
The Longboard,,"A beach-bar-style restaurant on Cruz Bay's waterfront serving tacos, ceviche, and coastal Mexican-inspired dishes.",St. John,Mexican;Seafood,$$,"1 Prince St, Cruz Bay, St. John 00830",Cruz Bay,18.3309819,-64.7942608,(340) 715-2210,https://thelongboardstjohn.com,,,"https://dynamic-media-cdn.tripadvisor.com/media/photo-o/15/29/d4/81/interior.jpg?w=1200",waterfront;outdoor-seating,,14:00-21:00,14:00-21:00,14:00-21:00,14:00-21:00,14:00-21:00,14:00-21:00,14:00-21:00
Cruz Bay Landing,,"A waterfront restaurant and coffee shop overlooking Cruz Bay harbor, serving breakfast through dinner with a mix of American and Caribbean dishes.",St. John,American;Caribbean,$$,"6D Cruz Bay, St. John 00830",Cruz Bay,18.3312863,-64.7946167,(340) 776-6908,https://cruzbaylanding.com,,,https://img1.wsimg.com/isteam/ip/4bd13626-170c-49bb-b20f-b58521f204d2/IMG_3515~2.jpg,waterfront,,07:00-21:00,07:00-21:00,07:00-21:00,07:00-21:00,07:00-21:00,07:00-21:00,07:00-21:00
Savant,,"A longtime downtown Christiansted favorite serving an eclectic fusion of Caribbean, Asian, and Mexican dishes in a colorful, art-filled dining room.",St. Croix,Caribbean;Asian;Mexican,$$$,"4C Hospital St, Christiansted, St. Croix 00820",Christiansted,17.7446142,-64.6999966,(340) 713-8666,https://savantstx.com,,,https://savantstx.com/wp-content/uploads/2017/07/savant-home-salmon.jpg,,,closed,17:30-21:30,17:30-21:30,17:30-21:30,17:30-21:30,17:30-21:30,closed
Too.Chez,,New American fine dining with French and Caribbean influences served in a restored historic Danish building in downtown Christiansted.,St. Croix,American;French;Caribbean,$$$,"51ABC Company St, Christiansted, St. Croix 00820",Christiansted,17.7448146,-64.7044436,(340) 713-8888,,too.chez,toochezstx,https://s3-us-west-2.amazonaws.com/imgds360live/storefront/3546100/Too-Chez.png,,,closed,17:30-21:30,17:30-21:30,17:30-21:30,17:30-21:30,17:30-21:30,closed
Maria's Cantina,,"A lively Mexican restaurant and sports bar in the Arawak Building on Christiansted's waterfront, serving tacos and Mexican classics since 2012.",St. Croix,Mexican,$$,"5032 Anchor Way, Arawak Building, Christiansted, St. Croix 00820",Christiansted,17.7462412,-64.6961441,(340) 713-0222,https://mariascantina-stx.com,,mariascantinastx,https://img1.wsimg.com/isteam/ip/c09b7b19-5357-47d6-9a63-cf10ab0dbaf1/IMG_3889.JPG,waterfront,,closed,11:00-21:00,11:00-21:00,11:00-21:00,11:00-21:00,11:00-21:00,closed
Hamilton's,,"An upscale steakhouse on Christiansted's historic waterfront, a three-time Wine Spectator Award winner known for premium cuts and an extensive wine list.",St. Croix,Steakhouse;American,$$$,"39 Queen Cross St, Christiansted, St. Croix 00820",Christiansted,17.7443932,-64.7026523,(340) 773-5393,https://www.hamiltonsrestaurant.com,hamiltonsvi,,"https://images.squarespace-cdn.com/content/v1/5d7c51e450e7d91d425e4fcc/1619461858760-7J9F6ALQ864U261HSYR1/sbkphoto_Hamiltons+Dishes-2.jpg",waterfront,,17:00-21:00,17:00-21:00,17:00-21:00,17:00-21:00,17:00-21:00,17:00-21:00,17:00-21:00
Gladys' Cafe,,"A 30+ year Charlotte Amalie institution near Royal Dane Mall, serving Caribbean-American breakfast and lunch classics and famous for its house-made hot sauces.",St. Thomas,Caribbean;American,$,"5600 Royal Dane Mall, Charlotte Amalie, St. Thomas 00802",Charlotte Amalie,18.3411374,-64.9332069,(340) 774-6604,https://gladyscafe.com,gladys_cafe_stt,GladysCafe,"https://i0.wp.com/fueledbylolz.com/wp-content/uploads/2015/04/gladys-cafe-mahi-mahi-salad.jpg?resize=640%2C480&ssl=1",,,08:00-15:30,08:00-15:30,08:00-15:30,08:00-15:30,08:00-15:30,08:00-15:30,08:00-15:00
XO Bistro,,"A casual-upscale bistro across from American Yacht Harbor in Red Hook, known for a deep wine list, generous portions, and nightly dinner specials.",St. Thomas,American;Caribbean,$$,"6501 Red Hook Plaza #1, St. Thomas 00802",Red Hook,18.3259133,-64.8522654,(340) 779-2069,https://www.xobistro.net,xobistrousvi,XOBistroStThomas,https://www.xobistro.net/wp-content/uploads/2022/08/XO-Bistro-St-Thomas-146.jpg,,,11:00-02:00,11:00-02:00,11:00-02:00,11:00-02:00,11:00-02:00,11:00-02:00,11:00-02:00
Virgilio's,,"A family-owned Italian trattoria tucked on a quiet side street in historic Charlotte Amalie since 1988, known for handmade stuffed pastas and tableside Caesar salad.",St. Thomas,Italian,$$$,"5150 Dronningens Gade, Suite 7, Charlotte Amalie, St. Thomas 00802",Charlotte Amalie,18.3414575,-64.9335173,(340) 776-4920,,,VirgiliosUSVI,https://usvi-on-line.com/images/virgilios-st-thomas.jpg,,,11:30-22:00,11:30-22:00,11:30-22:00,11:30-22:00,11:30-22:00,11:30-22:00,closed
PRIME at Paradise Point,,"St. Thomas's hilltop steakhouse at Paradise Point, serving expertly prepared steaks and seafood with panoramic harbor views, reached by the Skyride.",St. Thomas,Steakhouse;Seafood,$$$,"A-1-4 Estate Thomas, Paradise Point, Charlotte Amalie, St. Thomas 00802",Paradise Point,18.3320030,-64.9163460,(340) 690-2191,https://www.primeusvi.com,primehospitalityvi,,https://dynamic-media-cdn.tripadvisor.com/media/photo-o/19/62/9e/2b/interior-exterior-view.jpg?w=1200,,,17:00-21:00,17:00-21:00,17:00-21:00,17:00-21:00,17:00-21:00,17:00-21:00,17:00-21:00
Miss Lucy's Restaurant,,"A longtime beachfront bar overlooking Friis Bay in Coral Bay — currently operating on sharply reduced hours as a Thursday-night open mic venue, with regular lunch/dinner service paused for the 2026 season.",St. John,Caribbean;Seafood,$$,"Route 107, Friis Bay, Coral Bay, St. John 00830",Coral Bay,18.3425418,-64.7160343,(340) 693-5244,https://misslucysrestaurant.com,misslucys_stjohn,MissLucysVI,"https://dynamic-media-cdn.tripadvisor.com/media/photo-o/0d/dd/9d/b3/photo0jpg.jpg?w=1200",waterfront,,closed,closed,closed,17:30-21:00,closed,closed,closed
ZoZo's at Caneel Bay,,"An upscale waterfront restaurant at the reopened Caneel Bay resort, offering a multi-course Italian-Mediterranean tasting menu served al fresco on the beach terrace.",St. John,Italian;Seafood,$$$,"Caneel Bay Resort, St. John 00831",Caneel Bay,18.3432872,-64.7884718,(860) 977-6323,https://www.zozosatcaneelbay.com,zozosatcaneelbay,,"https://dynamic-media-cdn.tripadvisor.com/media/photo-o/1c/b8/04/05/perfect-dining-experience.jpg?w=1200",waterfront,,closed,18:00-21:00,18:00-21:00,18:00-21:00,18:00-21:00,18:00-21:00,18:00-21:00
The Lime Inn,,"A Cruz Bay institution since 1984 tucked in a garden setting near the ferry dock, known for fresh local seafood like grilled Caribbean lobster.",St. John,Seafood;American,$$$,"Hill Street, Cruz Bay, St. John 00831",Cruz Bay,18.3304863,-64.7929943,(340) 776-6425,https://thelimeinn.com,,,https://dynamic-media-cdn.tripadvisor.com/media/photo-o/08/53/e5/f1/dining-area.jpg?w=1200,,,17:00-21:00,17:00-21:00,17:00-21:00,17:00-21:00,17:00-21:00,closed,15:00-21:00
Extra Virgin Bistro,,"An intimate Cruz Bay bistro offering a prix-fixe Mediterranean tasting menu built around the day's local catch, popular for special-occasion dinners.",St. John,Mediterranean;Italian,$$$,"18-11A Estate Enighed, Cruz Bay, St. John 00830",Cruz Bay,18.3294919,-64.7920779,(340) 715-1864,https://www.extravirginbistro.com,extravirginbistro,extravirginbistro,https://usvi-on-line.com/images/extra-virgin-bistro.jpg,,,closed,17:30-21:00,17:30-21:00,17:30-21:00,17:30-21:00,17:30-21:00,closed
Duggan's Reef,,"A family-owned East End seafood restaurant since 1983, widely regarded as St. Croix's finest, famous for its Irish Whiskey Lobster.",St. Croix,Seafood,$$$,"5 Teague Bay, Ste A, St. Croix 00820",East End,17.7535846,-64.5662484,(340) 773-9800,https://www.duggansreefstx.com,,,https://static.wixstatic.com/media/605f17_691582abe4484300b3dc892ae913c5b9~mv2_d_4000_3000_s_4_2.jpg,waterfront,,17:30-20:30,17:30-20:30,17:30-20:30,17:30-20:30,17:30-20:30,17:30-20:30,closed
Rum Runners,,"A waterfront Christiansted boardwalk favorite at the Caravelle Hotel, serving Caribbean and Continental fare from breakfast through dinner, plus a lively Sunday brunch.",St. Croix,Caribbean;American,$$,"44A Queens Cross St, Christiansted, St. Croix 00820",Christiansted,17.7443635,-64.7027879,(340) 773-6585,https://rumrunnersstcroix.com,rumrunnersrestaurant,RumRunnersRestaurantSTX,https://rumrunnersstcroix.com/wp-content/uploads/2019/12/Salad-Tropique.jpg,waterfront,,17:30-21:30,closed,17:30-21:30,17:30-21:30,17:30-21:30,17:30-21:30,17:30-21:00
Cheeseburgers in Paradise,,"A longstanding Christiansted burger joint blending Crucian and Southern flavors, recently reopened under new ownership with regular live music and karaoke.",St. Croix,American,$,"5067 Southgate, Christiansted, St. Croix 00820",Christiansted,17.7439481,-64.7079823,(340) 718-1118,https://www.cheeseburgersvi.com,,CheeseburgersVI,https://dynamic-media-cdn.tripadvisor.com/media/photo-o/16/a7/f5/90/cheeseburgers-in-paradise.jpg?w=1200&h=1200&s=1,,,11:00-00:00,11:00-00:00,11:00-00:00,11:00-02:00,11:00-02:00,11:00-02:00,11:00-02:00
BREW STX,,"St. Croix's only restaurant and microbrewery, on the Christiansted boardwalk, known for its Thursday seafood boil and Wednesday crab races.",St. Croix,American;Seafood,$$,"55 A&B King's Alley, Christiansted, St. Croix 00820",Christiansted,17.7439481,-64.7079823,(340) 719-6339,http://www.brewstx.com,brewstx,brewstx,https://s3-us-west-2.amazonaws.com/imgds360live/storefront/3546100/Brew_STX_(1).png,,,11:00-22:00,11:00-22:00,11:00-22:00,11:00-22:00,11:00-22:00,11:00-22:00,11:00-21:00
French Quarter Bistro,,"A Frenchtown bistro serving New Orleans-style Creole and Cajun cuisine with a Caribbean flair, known for gumbo, po'boys, and a weekday lunch special.",St. Thomas,Cajun;Creole;American,$$,"Rue De Bethamny, Frenchtown, St. Thomas 00802",Frenchtown,18.3379037,-64.9431988,(340) 774-6539,https://www.frenchquarterbistrovi.com,,,https://images.squarespace-cdn.com/content/v1/59f9ebf82278e70cbff41ca5/1643759035320-6US1X8KXYW9NR37UKMJT/Gumbo.JPG,outdoor-seating,,11:00-21:00,11:00-21:00,11:00-21:00,11:00-21:00,11:00-21:00,11:00-16:00,closed
Greengos Caribbean Cantina,,"A Sonoran-style Mexican cantina in a restored 1800s Dutch building on Charlotte Amalie's Hibiscus Alley, boasting one of the Caribbean's largest 100% agave tequila selections.",St. Thomas,Mexican,$$,"34-35 Dronningens Gade, Hibiscus Alley, Charlotte Amalie, St. Thomas 00802",Charlotte Amalie,18.3414575,-64.9335173,(340) 714-8282,https://greengosvi.com,,,https://greengosvi.com/wp-content/uploads/2019/01/restaurant.jpg?w=1280,outdoor-seating,,11:00-17:00,11:00-17:00,11:00-17:00,11:00-17:00,11:00-20:00,11:00-17:00,11:00-17:00
Skinny Legs Bar & Grill,,"A laid-back, family-friendly bar and grill in Coral Bay known for hearty burgers, fresh salads, live music, and a horseshoe pit, popular with St. John's sailing and boating crowd.",St. John,American;Bar & Grill,$,"9901 Estate Emmaus, Coral Bay, St. John 00830",Coral Bay,18.3425418,-64.7160343,(340) 779-4982,http://www.skinnylegsvi.com,,,https://images.squarespace-cdn.com/content/v1/52c57553e4b0d825d816b23e/1388714801737-PYRGGTI7FQ1DE8KCBQ34/skinny+sign.jpg,outdoor-seating;live-music,vegetarian,11:00-20:00,11:00-20:00,11:00-20:00,11:00-20:00,11:00-20:00,11:00-20:00,11:00-20:00
AMA at Cane Bay,,"An oceanfront sustainable seafood restaurant and craft cocktail bar at The Waves Cane Bay resort on St. Croix's North Shore, sourcing from local farmers and responsible fishermen.",St. Croix,Seafood;American,$$$,"112C Cane Bay, St. Croix 00851",Cane Bay,17.7715166,-64.8100189,(340) 227-3432,https://amacanebay.com,,,https://images.squarespace-cdn.com/content/v1/5c239f55cef372cbf8008380/1665266763152-0TY3MOGYN9LGAOAPHLUS/AmaAtCaneBay_MeredithZimmermanPhotography-32.jpg,waterfront,,closed,17:00-21:00,17:00-21:00,17:00-21:00,17:00-21:00,17:00-21:00,closed
Turtle's Deli,,"A casual waterfront deli on Frederiksted's south Strand Street, known for oversized sandwiches and vegetarian, vegan, and gluten-free options.",St. Croix,American;Deli,$,"625 Strand St, Frederiksted, St. Croix 00840",Frederiksted,17.7124365,-64.8833717,(340) 772-3676,,,,https://dynamic-media-cdn.tripadvisor.com/media/photo-o/17/ca/f6/29/awesome-view-of-the-west.jpg?w=1200&h=-1&s=1,waterfront;outdoor-seating,vegetarian;vegan;gluten-free,11:00-16:00,11:00-16:00,11:00-16:00,11:00-16:00,11:00-18:00,11:00-18:00,11:00-18:00
Polly's at the Pier,,"A breakfast-and-lunch cafe across from the Frederiksted cruise pier, serving egg dishes, waffles, sandwiches, and specialty coffee with indoor and outdoor Caribbean-view seating.",St. Croix,American;Cafe,$,"3 Strand St, Frederiksted, St. Croix 00840",Frederiksted,17.7130180,-64.8835618,(340) 719-9434,,,pollysatthepier,https://s3-media0.fl.yelpcdn.com/bphoto/gGsXj_WfVn-jwrMvkx7NHw/o.jpg,waterfront;outdoor-seating,,07:00-15:00,07:00-15:00,07:00-15:00,07:00-15:00,07:00-15:00,08:00-15:00,08:00-13:00
Nate's Boathouse,,"A boardwalk seafood restaurant and bar in Christiansted, formerly Angry Nate's Boathouse & Seafood Emporium and now under new ownership, serving fresh daily catches for breakfast, lunch, and dinner.",St. Croix,Seafood;American,$$,"1201 King Cross St, Christiansted, St. Croix 00820",Christiansted,17.7458413,-64.7051837,(340) 692-6283,,,NatesBoathouse,https://dynamic-media-cdn.tripadvisor.com/media/photo-o/29/d5/de/48/nice-outdoor-patio-under.jpg?w=1200&h=1200&s=1,waterfront,,08:00-21:00,08:00-21:00,08:00-21:00,08:00-21:00,08:00-21:00,08:00-21:00,08:00-21:00
The Easterly,,"A wood-fired waterfront restaurant and cocktail bar at American Yacht Harbor in Red Hook, serving ocean-focused ceviches, whole grilled fish, and premium steaks.",St. Thomas,Seafood;Steakhouse;Caribbean,$$$,"6100 Red Hook Quarter, Suite GS-1, St. Thomas 00802",Red Hook,18.3260810,-64.8517592,(340) 714-1000,https://www.theeasterlystthomas.com,easterlystthomas,TheEasterlySTT,https://dynamic-media-cdn.tripadvisor.com/media/photo-o/1a/e4/5f/7a/front-dining-area.jpg?w=1200,waterfront;outdoor-seating,,17:00-22:00,17:00-22:00,17:00-22:00,17:00-22:00,17:00-22:00,17:00-22:00,17:00-22:00
Dinghy's Beach Bar & Grill,,"A laid-back beachfront bar on Water Island's Honeymoon Beach, reachable only by ferry, serving burgers and pub fare alongside water-sports rentals.",St. Thomas,American;Bar & Grill,$$,"Honeymoon Beach, Water Island, St. Thomas 00802",Water Island,18.3170498,-64.9561605,(340) 227-5525,https://dinghysbeachbar.com,dinghysbeachbar,Dinghysbeachbarandgrill,https://dinghysbeachbar.com/wp-content/uploads/2023/09/Dinghys-Beach-Bar-002-1024x684.jpg,waterfront;outdoor-seating,,11:00-20:00,11:00-20:00,11:00-20:00,11:00-20:00,11:00-23:00,11:00-23:00,11:00-20:00
High Tide Bar & Seafood Grill,,"A beachfront bar and seafood grill steps from the Cruz Bay ferry dock, serving breakfast through dinner and famous for its Painkiller cocktail.",St. John,Seafood;American,$$,"4-B Wharfside Landing, Cruz Bay, St. John 00830",Cruz Bay,18.3309910,-64.7953469,(340) 714-6169,https://www.hightidevi.com,hightidebarandseafoodgrill,hightidestj,https://images.squarespace-cdn.com/content/v1/54bc1601e4b0c2baff96a16c/1731181739452-29VKTL7BR45RPMDVZTLM/IMG_1846.jpg,waterfront;outdoor-seating,,08:00-21:00,08:00-21:00,08:00-21:00,08:00-21:00,08:00-21:00,08:00-21:00,08:00-21:00
Lime Out,,"A floating taco bar anchored in Coral Bay harbor, reachable only by kayak or water-taxi shuttle, serving tacos and craft cocktails from rafts in the turquoise water.",St. John,Mexican;Bar & Grill,$$,"Coral Bay Harbor, St. John 00830",Coral Bay,18.3425418,-64.7160343,(340) 643-5333,https://limeoutvi.com,limeoutvi,limeoutvi,https://images.squarespace-cdn.com/content/v1/632b272a09f82e065d328270/130a4b2b-77da-4ef4-9608-fe77cdd87676/ABC05975.jpg,waterfront;outdoor-seating,,10:30-16:30,10:30-16:30,10:30-16:30,10:30-16:30,10:30-16:30,closed,10:30-16:30
Johnny Lime,,"A wood-smoked Caribbean barbecue spot on Coral Bay harbor, known for smoked ribs, jerked chicken, and a Friday smoked lobster night.",St. John,Caribbean;Barbecue,$$,"Coral Bay Harbor, St. John 00830",Coral Bay,18.3431857,-64.7154354,(340) 513-0032,https://www.johnnylime.com,johnnylimevi,JohnnyLimeVI,https://images.squarespace-cdn.com/content/v1/61df0d73d00b667744d72d49/7f4175d0-5433-4e1c-a8f9-00b0c290bdbb/DSC01778.jpg,outdoor-seating,,16:00-20:00,16:00-20:00,16:00-20:00,closed,16:00-20:00,16:00-20:00,16:00-20:00
1756 Grotto,,"An intimate fine-dining restaurant below the historic Comanche Hotel in downtown Christiansted, serving locally sourced, globally flavored dishes with craft cocktails and a curated wine list.",St. Croix,American;Caribbean,$$$,"1 Strand St, Christiansted, St. Croix 00820",Christiansted,17.744832,-64.706357,(340) 725-1756,https://1756grotto.com,1756grotto,1756grotto,https://dynamic-media-cdn.tripadvisor.com/media/photo-o/2f/c2/68/3a/dine-outside-in-our-beautiful.jpg?w=1200&h=-1&s=1,,,closed,closed,17:00-22:00,17:00-22:00,17:00-22:00,17:00-22:00,closed
La Reine Chicken Shack,,"A beloved mid-island roadside shack on Route 75 known for slow-cooked rotisserie chicken, ribs, and Caribbean barbecue with classic sides like johnny cakes and rice and beans.",St. Croix,Caribbean;Barbecue,$,"24 Slob A-B, Estate La Reine, Kingshill, St. Croix 00851",Kingshill,17.7225219,-64.7826756,(340) 778-5717,,,,https://dynamic-media-cdn.tripadvisor.com/media/photo-o/08/70/08/ae/la-reine-chicken-shack.jpg?w=1200&h=-1&s=1,,,11:00-19:00,11:00-19:00,11:00-19:00,11:00-20:00,11:00-20:00,11:00-20:00,11:00-20:00
The Landing Beach Bar,,"A casual beachfront bar and restaurant on St. Croix's North Shore at Cane Bay, serving American bar food with a seafood flair, vegetarian and vegan options, and Leatherback craft beer.",St. Croix,American;Seafood,$$,"110C Cane Bay, Christiansted, St. Croix 00851",Cane Bay,17.7715166,-64.8100189,(340) 718-0362,https://thelandingbeachbar.com,thelandingstx,TheLandingBeachBar,https://thelandingbeachbar.com/wp-content/uploads/2023/11/beachbar_diners.jpg,waterfront;outdoor-seating;live-music,vegetarian;vegan,11:00-20:00,closed,11:00-20:00,11:00-20:00,11:00-20:00,11:00-20:00,10:00-18:00
Island Flavor,,"A takeout Caribbean lunch counter in Crown Bay Shopping Mall from Chef John Greenway, a St. Thomas mainstay since 1997 known for tropical chicken, johnnycake, and daily home-style specials.",St. Thomas,Caribbean,$,"Crown Bay Shopping Mall, St. Thomas 00802",Crown Bay,18.3360677,-64.9476463,(340) 714-5588,https://chefjohnvi.com,chefjohnusvi,,https://melissaklowe.com/wp-content/uploads/2020/10/20201028_125514-edited-800x802.jpg,takeout,,11:00-16:00,11:00-16:00,11:00-16:00,11:00-16:00,11:00-16:00,closed,closed
Arian's,,"A local institution near Subbase serving traditional West Indian home cooking since 1989, known for stewed conch, saltfish, and fry fish.",St. Thomas,Caribbean;West Indian,$,"103 Subbase Rd, Charlotte Amalie West, St. Thomas 00802",Subbase,18.3360677,-64.9476463,(340) 776-1401,,,,https://whattodo-vi.com/wp-content/uploads/2020/06/photo0jpg.jpg,takeout,,11:00-16:00,11:00-16:00,11:00-16:00,11:00-16:00,11:00-16:00,11:00-16:00,closed
G&D Seafood,,"A family-owned seafood market and adjoining restaurant in Subbase serving St. Thomas's fresh local catch since 2000.",St. Thomas,Seafood,$$,"8124 Subbase Rd, Charlotte Amalie West, St. Thomas 00802",Subbase,18.3360677,-64.9476463,(340) 774-7444,,ganddseafood,GnDseafood,https://itin-dev.wanderlogstatic.com/freeImage/IgmvKDQtZpCfp7uCX23b71ESIBAIjHFe,takeout,,09:00-18:00,09:00-18:00,09:00-18:00,09:00-18:00,09:00-18:00,09:00-18:00,closed
Sam & Jack's Deli,,"A gourmet deli in Cruz Bay's Marketplace known for oversized sandwiches, prepared grab-and-go dinners, sides, and island-wide catering.",St. John,American;Deli,$,"5000 Estate Enighed, The Marketplace 3rd Floor, Cruz Bay, St. John 00830",Cruz Bay,18.3274610,-64.7913563,(340) 714-3354,https://samandjacksdeli.com,,,https://img1.wsimg.com/isteam/ip/52cb16fa-fb1c-4916-9678-edc40b484df7/23D4487B-9489-45DC-989B-3D853AE9A5F2.jpg,takeout,,08:00-16:00,08:00-16:00,08:00-16:00,08:00-16:00,08:00-16:00,08:00-15:00,closed
18°N/64°W The Restaurant,,"An upscale seafood restaurant and hand-rolled sushi and raw bar at Mongoose Junction in Cruz Bay, serving daily fresh seafood and craft cocktails.",St. John,Seafood;Sushi,$$$,"Mongoose Junction, Suite 503, Cruz Bay, St. John 00830",Cruz Bay,18.3325244,-64.7921113,(340) 774-1864,https://1864therestaurant.com,1864therestaurant,1864therestaurant,https://images.squarespace-cdn.com/content/v1/5c754e5eb2cf79e2f1f0cc37/1699644718523-U3P6EQRAH5PVF2W6YRKX/DSC01966.jpg,,,15:00-21:00,11:00-21:00,11:00-21:00,11:00-21:00,11:00-21:00,11:00-21:00,closed
Nectar & Grind,,"A daytime coffee and breakfast cafe on Strand Street in Christiansted from the owners of Ambiance Cocktail Lounge, serving coffee, waffles, eggs, and sandwiches.",St. Croix,American;Cafe,$,"4A&B Strand St, Christiansted, St. Croix 00820",Christiansted,17.7443635,-64.7027879,,,,,"https://bloximages.newyork1.vip.townnews.com/virginislandsdailynews.com/content/tncms/assets/v3/editorial/1/4f/14f630e9-e4c0-462d-bd23-297237e710b2/6a37dd18da57c.image.png",takeout;outdoor-seating,,08:00-14:00,08:00-14:00,08:00-14:00,08:00-14:00,08:00-14:00,09:00-14:00,closed
The Mill Boardwalk Bar & Brick Oven Pizza,,"A waterfront brick-oven pizzeria and bar on the Christiansted boardwalk known for charred artisanal pizzas, wood-fired wings, and house-made rum cakes.",St. Croix,Pizza;American,$$,"1 Strand St, Christiansted, St. Croix 00820",Christiansted,17.744832,-64.706357,(340) 643-6455,,,themillboardwalkbar,https://dynamic-media-cdn.tripadvisor.com/media/photo-o/2e/d6/3e/28/another-view-of-our-margherita.jpg?w=1200&h=-1&s=1,waterfront;outdoor-seating;takeout,,11:00-22:00,11:00-22:00,11:00-22:00,11:00-22:00,11:00-22:00,11:00-22:00,11:00-21:00
Estera,,"An intimate fine-dining restaurant in Christiansted's Pan Am Pavilion serving a daily-changing menu of local seafood, handmade pastas, and craft cocktails.",St. Croix,American;Seafood,$$$,"Pan Am Pavilion, 1102 Strand St #15, Christiansted, St. Croix 00820",Christiansted,17.7443635,-64.7027879,(340) 692-4639,https://esterastx.com,estera.stx,Estera STX,https://dynamic-media-cdn.tripadvisor.com/media/photo-o/2b/30/fd/09/menu-items-and-restaurant.jpg?w=1200&h=-1&s=1,,vegan;gluten-free,17:00-22:00,closed,closed,17:00-22:00,17:00-22:00,17:00-22:00,10:00-14:00
Goat Soup and Whiskey,,"A seasonal East End restaurant at the Coakley Bay condos serving hand-cut steaks, fresh seafood, and house-made soups; open winter season only, roughly December through April.",St. Croix,Steakhouse;American,$$$,"5000 Estate Coakley Bay, St. Croix 00820",East End,17.7586932,-64.6367628,(340) 773-3333,https://soupandwhiskey.wixsite.com/goatsoupandwhiskey,,,https://dynamic-media-cdn.tripadvisor.com/media/photo-o/1a/58/23/bf/fantastic-ocean-views.jpg?w=1200&h=-1&s=1,outdoor-seating,,16:00-21:00,16:00-21:00,16:00-21:00,16:00-21:00,16:00-21:00,16:00-21:00,10:00-14:00
Duffy's Love Shack,,"An open-air tiki bar and grill in the Red Hook Plaza parking lot, famous for handcrafted cocktails in oversized novelty cups, fish tacos, and live music.",St. Thomas,American;Caribbean;Bar & Grill,$$,"6500 Red Hook Plaza, St. Thomas, VI 00802",Red Hook,18.3259133,-64.8522654,(340) 779-2080,https://www.duffysloveshack.com,duffyslove,loveshackstt,https://www.virginislandsretreats.com/wp-content/uploads/2023/05/duffy-love-shack-img3.jpg,outdoor-seating;live-music,,11:30-02:00,11:30-02:00,11:30-02:00,11:30-02:00,11:30-02:00,11:30-02:00,11:30-02:00
Beni Iguana's Sushi Bar & Restaurant,,"A longtime sushi bar at Havensight Mall near the cruise ship dock, serving sushi and Japanese fare since 1991.",St. Thomas,Japanese;Sushi,$$,"9012 Havensight Mall, Charlotte Amalie, St. Thomas 00802",Havensight,18.3326944,-64.9224021,(340) 777-8744,https://beniiguanassushibar.com,beniiguanassushibar,beniiguanassushibar,https://beniiguanassushibar.com/cdn/shop/files/Table_View_B.jpg?v=1718674141&width=3840,,,10:00-21:30,10:00-21:30,10:00-21:30,10:00-21:30,10:00-21:45,10:00-21:45,10:00-21:30
The Tap & Still (Red Hook),,"A sports-bar brewery and grill at American Yacht Harbor in Red Hook, known for burgers, wings, and craft beer brewed on-site.",St. Thomas,American;Bar & Grill;Brewery,$$,"American Yacht Harbor, Red Hook, St. Thomas 00802",Red Hook,18.3252689,-64.8520709,(340) 642-2337,https://www.tapstill.com,,,https://dynamic-media-cdn.tripadvisor.com/media/photo-o/0e/50/8c/6b/inside-the-tap-still.jpg?w=1200,waterfront;outdoor-seating,,08:00-00:00,08:00-00:00,08:00-00:00,08:00-00:00,08:00-00:00,08:00-00:00,08:00-00:00
Sun Dog Cafe,,"A casual courtyard restaurant in Mongoose Junction serving brunch through dinner since 1994, with a tex-mex-leaning comfort food menu and vegetarian and gluten-free options.",St. John,Caribbean;American;Tex-Mex,$$,"18 Mongoose Junction, Cruz Bay, St. John 00830",Cruz Bay,18.3325244,-64.7921113,(340) 693-8340,https://www.sundogcafe.com,,,https://dynamic-media-cdn.tripadvisor.com/media/photo-o/0e/5d/55/f5/gecko-gazebo-bar-at-sun.jpg?w=1200,outdoor-seating,vegetarian;gluten-free,09:00-21:00,09:00-21:00,09:00-21:00,09:00-21:00,09:00-21:00,09:00-21:00,09:00-21:00
Woody's Seafood Saloon,,"A Cruz Bay institution since 1994 near the ferry dock, known for its happy hour, seafood fritters, and being one of the only late-night eats on St. John.",St. John,Seafood;American;Bar & Grill,$$,"Prince Street, Cruz Bay, St. John 00830",Cruz Bay,18.3308371,-64.7941890,(340) 779-4625,https://www.woodysseafoodsaloon.com,woodysseafoodsaloonstj,woodysseafoodsaloon,https://dynamic-media-cdn.tripadvisor.com/media/photo-o/17/e5/ff/f7/woody-s-seafood-saloon.jpg?w=1200,outdoor-seating,,11:00-01:00,11:00-01:00,11:00-01:00,11:00-01:00,11:00-02:00,11:00-02:00,11:00-01:00
Off the Wall,,"A waterfront beach bar on Cane Bay's east end serving pizzas, calzones, burgers, and sandwiches, with regular beach bingo and live music nights.",St. Croix,American;Pizza;Bar & Grill,$$,"Cane Bay, St. Croix 00850",Cane Bay,17.7715166,-64.8100189,(340) 718-4771,https://otwstx.com,,,https://img1.wsimg.com/isteam/ip/9e97e958-d5c8-4e59-b345-0f44268b96cc/20294a365ef884e610f546ba49b60756.JPG,waterfront;outdoor-seating;live-music,,closed,11:00-21:00,11:00-21:00,11:00-21:00,closed,11:00-21:00,11:00-21:00
Rhythms at Rainbow Beach,,"A beach bar right on Rainbow Beach on St. Croix's west end, serving tacos, sandwiches, burgers, and fresh-caught fish specials alongside signature frozen drinks.",St. Croix,American;Caribbean;Bar & Grill,$$,"Rainbow Beach, Route 63, Frederiksted, St. Croix 00840",Frederiksted,17.7329108,-64.8893321,(340) 690-9282,https://www.rainbowbeachstx.com,rainbowbeachstx,,https://static.wixstatic.com/media/b76b5c_2ae5f39ae36044419026791864bbc592~mv2.jpg,waterfront;outdoor-seating,,11:00-19:00,11:00-19:00,11:00-19:00,11:00-19:00,11:00-19:00,11:00-19:00,11:00-19:00
The Deep End Bar & Grill,,"An open-air beachfront bar and grill at Tamarind Reef Resort on St. Croix's East End, serving breakfast through dinner with tropical blender drinks and weekend live music.",St. Croix,American;Seafood,$$,"5001 Tamarind Reef, Christiansted, St. Croix 00820",Christiansted,17.7610841,-64.6670858,(340) 718-7071,https://newdeepend.com,,,https://dynamic-media-cdn.tripadvisor.com/media/photo-o/0d/68/ba/8a/looking-towards-the-pool.jpg?w=1200,waterfront;outdoor-seating;live-music,,07:30-21:00,07:30-21:00,07:30-21:00,07:30-21:00,07:30-21:00,07:30-21:00,07:30-19:00
Surf N' Turf Bistro,,"A downtown Charlotte Amalie bistro serving homemade daily specials, lobster mac and cheese, and jerk Cornish hen, with a Martini happy hour and live sporting events.",St. Thomas,American;Seafood;Steakhouse,$$,"16 Dronningens Gade, Charlotte Amalie, St. Thomas 00802",Charlotte Amalie,18.3420208,-64.9320391,(340) 998-2058,https://www.surfnturfbistro.net,surfnturfbistrovi,surfnturfbistrovi,https://images.squarespace-cdn.com/content/v1/68f1845f9d5c8445d2b29760/05798a5d-fa10-40d9-9007-30e2ebb13010/EK0A4976.jpeg,,,17:30-22:00,17:30-22:00,17:30-22:00,17:30-22:00,17:30-22:00,17:30-22:00,closed
Hook'd USVI,,"A waterfront seafood restaurant at American Yacht Harbor in Red Hook, serving fresh, locally sourced Caribbean seafood like grilled fish tacos and lobster from breakfast through dinner.",St. Thomas,Seafood;Caribbean,$$,"6100 Red Hook Qtr 2, Suite D1-1, St. Thomas 00802",Red Hook,18.3259133,-64.8522654,(340) 714-4665,https://hookdusvi.com,hookd_usvi,,https://itin-dev.wanderlogstatic.com/freeImage/6qUPJWD9xvpHvN8D5QBGgQhlnRVcyBCA,waterfront,,08:00-21:00,08:00-21:00,08:00-21:00,08:00-21:00,08:00-21:00,08:00-21:00,08:00-21:00
Cafe Amici,,"A brick-oven pizza and pasta trattoria tucked inside the historic A.H. Riise Mall in downtown Charlotte Amalie, popular for lunch with cruise-ship visitors and locals alike.",St. Thomas,Italian;Pizza,$$,"36-37 Dronningens Gade, Charlotte Amalie, St. Thomas 00802",Charlotte Amalie,18.3420208,-64.9320391,(340) 203-2518,https://amicivi.com,,cafeamicistthomas,https://amicivi.com/wp-content/uploads/2024/05/DSC_1279.jpg,,gluten-free,11:00-18:00,11:00-18:00,11:00-18:00,11:00-18:00,11:00-18:00,11:00-16:00,11:00-16:00
The Beach Bar,,"A beachfront live-music venue steps from the Cruz Bay ferry dock in Wharfside Village, serving burgers, seafood baskets, and tacos alongside its ""World Famous"" Painkillers.",St. John,American;Bar & Grill,$$,"4A Cruz Bay Quarter, Wharfside Village, Cruz Bay, St. John 00830",Cruz Bay,18.3304848,-64.7958759,(340) 777-4220,https://beachbarstjohn.com,beachbarstjohn,BeachBarSTJ,https://beachbarstjohn.com/wp-content/uploads/2021/05/56F5D65A-80CD-4F8D-93FB-61F77356DCF4-960x720.jpg,waterfront;outdoor-seating;live-music,,08:30-00:00,08:30-00:00,08:30-00:00,08:30-00:00,08:30-00:00,08:30-00:00,08:30-00:00
Surf Club Cantina,,"A laid-back tropical cantina in Coral Bay's Isola Shops, formerly Wok on the Beach, serving fresh seafood, bold tacos, hamburgers, and handcrafted cocktails.",St. John,Mexican;Seafood;Bar & Grill,$$,"13A Estate Carolina, Coral Bay, St. John 00830",Coral Bay,18.3425418,-64.7160343,(340) 725-8272,https://surfclubcantina.com,,,https://surfclubcantina.com/wp-content/uploads/2025/06/surf-club-cantina-st-john-salmon-entree-1.jpeg,outdoor-seating;live-music,,11:30-20:00,11:30-20:00,11:30-20:00,11:30-20:00,11:30-20:00,11:30-20:00,11:30-20:00
Coco Loco Tapas Bar & Grill,,"A vibrant Spanish tapas restaurant in downtown Christiansted blending Spanish, Mexican, Cuban, Peruvian, and Puerto Rican flavors with a Caribbean twist.",St. Croix,Spanish;Mexican;Caribbean,$$,"55 Kings Alley, Christiansted, St. Croix 00820",Christiansted,17.7439481,-64.7079823,,,cocolocostx,cocolocostx,https://chrisandchristiepowers.com/wp-content/uploads/2022/09/Coco-loco-1080x675.jpg,,,closed,closed,17:00-22:00,17:00-22:00,17:00-23:00,17:00-23:00,17:00-23:00
Blues' Backyard BBQ & Grill,,"An outdoor barbecue joint on Route 75 near La Grande Princesse, award-winning for its slow-smoked brisket, ribs, and burgers, with live music and a popular Sunday brunch.",St. Croix,American;Barbecue,$$,"32K Estate La Grande Princesse, Route 75, St. Croix 00820",La Grande Princesse,17.7568548,-64.7343109,(340) 514-2541,,,bluesbackyardbbq,https://s3-us-west-2.amazonaws.com/imgds360live/storefront/3546100/Blues_Backyard_BBQ.png,outdoor-seating;live-music,,closed,closed,11:00-20:00,11:00-20:00,11:00-21:00,11:00-20:00,10:00-14:00
The Bombay Club,,"A St. Croix tradition since 1982, this downtown Christiansted restaurant serves lobster, steaks, and seafood in a historic Danish townhouse with full bar and air-conditioned dining.",St. Croix,American;Seafood,$$$,"5A King Street, Christiansted, St. Croix 00820",Christiansted,17.7462508,-64.7038502,(340) 773-1838,,bombaystcroix,bombaystcroix,https://dynamic-media-cdn.tripadvisor.com/media/photo-o/05/31/fb/7a/bombay-club.jpg?w=1200&h=-1&s=1,,,18:00-21:00,17:00-21:00,17:00-21:00,17:00-21:00,17:00-21:00,17:00-21:00,17:00-21:00
Coral Sea Cafe & Restaurant,,"A hidden gem tucked into the Mill Harbour Condominium in Golden Rock, serving local, American, and seafood dishes in a quiet, low-key setting overlooking Christiansted's north shore.",St. Croix,Seafood;American;Caribbean,$$,"3220 Estate Golden Rock, Christiansted, St. Croix 00820",Golden Rock,17.7522382,-64.7196828,(340) 690-1974,,,CoralSeaCafeandRestaurant,https://dynamic-media-cdn.tripadvisor.com/media/photo-o/2a/cb/99/1b/caption.jpg?w=1200,waterfront,,17:00-21:00,closed,17:00-21:00,17:00-21:00,17:00-21:00,12:00-21:00,12:00-21:00
Ital in Paradise,,"An elevated Ital-Caribbean restaurant in downtown Christiansted emphasizing vegan and vegetarian dishes like lentil balls and coconut curry cabbage alongside grilled fish, chicken, and lamb.",St. Croix,Caribbean;Vegan,$$,"22-20B Queen Cross St, Christiansted, St. Croix 00820",Christiansted,17.7443635,-64.7027879,(340) 713-4825,https://www.italinparadise.com,,,https://dynamic-media-cdn.tripadvisor.com/media/photo-o/1b/5f/1e/e3/full-plate-of-delicious.jpg?w=1200,takeout,vegan;vegetarian;gluten-free,12:00-21:00,12:00-21:00,12:00-21:00,12:00-21:00,12:00-21:00,12:00-21:00,12:00-17:00
Fish Bar,,"A fast-casual seafood restaurant and fish market overlooking Hull Bay on St. Thomas's north shore, serving fresh, locally caught fish in creative dishes with craft cocktails.",St. Thomas,Seafood,$$,"15 Hull Bay Road, St. Thomas, VI 00802",Hull Bay,18.3702338,-64.9545903,(340) 690-3476,https://www.fishbarvi.com,fishbarvi,FishBarVI,https://bluesaltvi.com/wp-content/uploads/2022/09/311492767_177369358174774_3506085129061694906_n.jpg,waterfront;outdoor-seating,,closed,closed,16:00-21:00,16:00-21:00,16:00-21:00,16:00-21:00,16:00-21:00
Amalia Cafe,,"An open-air Spanish tapas restaurant tucked into historic Palm Passage in downtown Charlotte Amalie, known for paella, sangria, and Spanish classics.",St. Thomas,Spanish,$$,"5143 Palm Passage, Charlotte Amalie, St. Thomas 00802",Charlotte Amalie,18.3410162,-64.9332126,(340) 714-7373,https://www.amaliacafe.com,,AmaliaCafe,https://www.amaliacafe.com/images/backGround/full-house-amalia-cafe.jpg,outdoor-seating,,11:00-21:45,11:00-21:45,11:00-21:45,11:00-21:45,11:00-21:45,11:00-21:45,closed
Stone House Cafe,,"A community-favorite cafe in downtown Charlotte Amalie known for fresh, locally sourced seafood dishes and a charming outdoor seating area.",St. Thomas,American;Seafood,$$,"5332 Raadets Gade, Ste 20, Charlotte Amalie, St. Thomas 00802",Charlotte Amalie,18.3411769,-64.9321321,(340) 777-3000,,,stonehousecafeusvi,https://itin-dev.wanderlogstatic.com/freeImage/9hZTRZNFK6fo0GuvtDU0dFOhIEFwdlDb,outdoor-seating,vegan,11:00-19:00,11:00-19:00,11:00-19:00,11:00-19:00,11:00-22:00,11:00-22:00,closed
Aerial At The Saint,,"An elevated open-air dining venue atop The Saint resort in Cruz Bay, serving contemporary dishes built around local fish and steak with sweeping ocean views.",St. John,American;Seafood,$$$,"The Saint Resort, 3ABF Estate Enighed, Cruz Bay, St. John 00830",Cruz Bay,18.3294919,-64.7920779,(888) 524-4012,https://www.saintstj.com/dining,,,https://irp.cdn-website.com/6533b5db/dms3rep/multi/opt/ROB04103-1920w.jpg,waterfront;outdoor-seating,,closed,closed,17:00-21:00,17:00-21:00,17:00-21:00,17:00-21:00,17:00-21:00
Roti King,,"A converted school-bus food truck in Cruz Bay's Lumberyard lot serving authentic West Indian roti and Caribbean comfort food, a longtime St. John favorite.",St. John,Caribbean;West Indian,$,"North Shore Road, Lumberyard, Cruz Bay, St. John 00830",Cruz Bay,18.3304863,-64.7929943,(340) 626-0266,,,,https://saintjohnislandguide.com/wp-content/uploads/2023/02/Roti-King-Photo-1-020223.jpg,takeout,,07:30-18:00,07:30-18:00,07:30-18:00,07:30-18:00,07:30-18:00,07:30-17:00,closed
STJ Speakeasy,,"A globally inspired shareable-plates restaurant tucked into Cruz Bay's Lumberyard lot, blending food-truck roots with fine-dining flavor in dishes like oxtail arancini and lobster dumplings.",St. John,Caribbean;American,$$$,"18-48 Estate Enighed, Cruz Bay Rd, Cruz Bay, St. John 00830",Cruz Bay,18.3294919,-64.7920779,(340) 210-5002,https://www.stjspeakeasy.com,,,https://static.wixstatic.com/media/00157b_a67754b1e2d54b1e9820248dae2eb223~mv2.jpg,outdoor-seating,,closed,17:30-21:00,17:30-21:00,17:30-21:00,17:30-21:00,17:30-21:00,17:30-21:00
Beach Side Cafe,,"An open-air beachfront cafe at Sand Castle on the Beach resort in Frederiksted, serving breakfast through dinner with fresh seafood, weekend brunch, and Saturday live music.",St. Croix,American;Seafood;Caribbean,$$,"Veterans Shore Drive, Sand Castle on the Beach, Frederiksted, St. Croix 00840",Frederiksted,17.7015476,-64.8854456,(340) 772-1266,https://sandcastleonthebeach.com/dine/,,BeachSideCafeSTX,https://sandcastleonthebeach.com/wp-content/uploads/1920x1080-sandcastleonthebeach-gallery-cafe-089.jpg,waterfront;outdoor-seating;live-music,,11:00-20:30,11:00-20:30,11:00-20:30,11:00-20:30,11:00-20:30,10:00-20:30,10:00-20:30
Louie & Nacho's Beach Bar,,"A laid-back oceanfront bar above Turtle's Deli in Frederiksted, serving Mexican-leaning bar food and drinks with a prime view of the pier.",St. Croix,Mexican;Bar & Grill,$$,"37 Strand St, Frederiksted, St. Croix 00840",Frederiksted,17.7101636,-64.8831838,(340) 772-5151,https://louieandnachos.com,louieandnachos,,"https://dynamic-media-cdn.tripadvisor.com/media/photo-o/1d/46/70/7f/louie-nacho-s-beach-bar.jpg?w=1200&h=-1&s=1",waterfront;outdoor-seating,,11:00-20:00,11:00-20:00,11:00-20:00,11:00-20:00,11:00-20:00,11:00-20:00,11:00-20:00
Sunset Grille,,An upscale beachfront restaurant at Secret Harbour Beach Resort serving steakhouse classics and chef-driven seafood with panoramic sunset views over the Caribbean Sea.,St. Thomas,American;Caribbean;Steakhouse,$$$,"6280 Estate Nazareth, Secret Harbour, St. Thomas 00802",Secret Harbour,18.3180101,-64.8529185,(340) 714-7874,https://www.sunsetgrillevi.com,,sunsetgrillevi,"https://images.getbento.com/accounts/4f99e7e6e520297dd7deff0b6738f9bc/media/images/29241IMG_7488.jpg?w=1200&fit=crop&auto=compress,format&cs=origin&crop=focalpoint&fp-x=0.5&fp-y=0.5",waterfront;outdoor-seating,,17:00-22:00,17:00-22:00,17:00-22:00,17:00-22:00,17:00-22:00,17:00-22:00,17:00-22:00
Iggie's Oasis,,"A three-story open-air beach bar and restaurant at Bolongo Bay Beach Resort, famous for its Oasis Burger, nightly steak and lobster, and live beachfront music.",St. Thomas,American;Bar & Grill,$$,"7150 Bolongo, St. Thomas 00802",Bolongo Bay,18.3116212,-64.8956982,(340) 693-2600,https://bolongobay.com,,iggiesbeachbar,https://bolongobay.com/wp-content/uploads/2019/11/iggies1.jpg,waterfront;outdoor-seating;live-music,,11:00-00:00,11:00-00:00,11:00-00:00,11:00-00:00,11:00-01:00,11:00-01:00,11:00-01:00
Blue 11,,"An intimate tasting-menu restaurant at Yacht Haven Grande marina, serving a multi-course, chef-driven menu built around local Caribbean ingredients.",St. Thomas,American;Caribbean,$$$,"5330 Yacht Haven Grande, Suite J9, St. Thomas 00802",Yacht Haven Grande,18.3356198,-64.9212098,(340) 777-2511,https://blue11vi.com,,,https://blue11vi.com/wp-content/uploads/2020/12/Blue-11-St-Thomas-002.jpg,waterfront,,closed,closed,18:00-22:00,18:00-22:00,18:00-22:00,18:00-22:00,18:00-22:00
Fairchild's Beach Bar & Grill,,"A beachfront bar and grill at the center of Magens Bay Beach, serving breakfast sandwiches, mahi-mahi tacos, wood-fired pizza, and rotating specials.",St. Thomas,American;Bar & Grill,$$,"6200 Magen's Bay Rd, St Thomas 00802",Magens Bay,18.3707934,-64.9357045,(340) 998-0010,https://fairchildsmagensbay.com,,fairchildsbeachbarandgrill,https://fairchildsmagensbay.com/wp-content/uploads/2023/12/Pizza-on-the-Beach-1177x800.jpg,waterfront;outdoor-seating,,10:00-17:00,10:00-17:00,10:00-17:00,10:00-17:00,10:00-17:00,10:00-17:00,10:00-17:00
No Bones Cafe,,"A neighborhood bar and restaurant on the Gallows Bay waterfront in Christiansted, serving Continental favorites like burgers, steaks, seafood, and pasta in an air-conditioned dining room or patio.",St. Croix,American,$$,"5001 Chandlers Wharf, Suite #16, Christiansted, St. Croix 00820",Gallows Bay,17.7463636,-64.6968422,(340) 773-2128,https://nobonescafe.com,,NoBonesSTX,https://dynamic-media-cdn.tripadvisor.com/media/photo-o/13/81/ab/ac/20180622-164454-film3.jpg?w=1200&h=-1&s=1,waterfront;outdoor-seating,,11:00-20:30,11:00-20:30,11:00-20:30,11:00-20:30,11:00-20:30,closed,closed
Margarita Fred's,,"A beachside bar and restaurant at The Fred hotel in Frederiksted, serving Latin Caribbean-influenced dishes and signature margaritas.",St. Croix,Mexican;Caribbean,$$,"605 Strand St, Frederiksted, St. Croix 00840",Frederiksted,17.7124365,-64.8833717,(340) 777-3733,https://www.ordermargaritafreds.com,,,https://dynamic-media-cdn.tripadvisor.com/media/photo-o/2d/b7/fe/f3/caption.jpg?w=1200&h=1200&s=1,waterfront;outdoor-seating,,08:00-21:00,08:00-21:00,08:00-21:00,08:00-21:00,08:00-21:00,10:00-21:00,10:00-21:00
North Shore Deli,,"A longtime breakfast and lunch counter in Cruz Bay's Mongoose Junction, known for hearty sandwiches, pastries, smoothies, and grab-and-go fare.",St. John,American;Deli;Cafe,$,"507 Mongoose Junction, Cruz Bay, St. John 00830",Cruz Bay,18.3325586,-64.7923100,(340) 777-3061,https://www.northshoredelistj.com,,,https://s3-media0.fl.yelpcdn.com/bphoto/UOHDbUwFux5sHKBhtM9ANg/o.jpg,takeout,,07:00-16:00,07:00-16:00,07:00-16:00,07:00-16:00,07:00-16:00,07:00-16:00,07:00-15:00
St. John Back Bar,,"An Asian-American street food dive bar in Cruz Bay near Wharfside Village, serving homemade snacks, sushi, and daily specials alongside a lively late-night bar scene.",St. John,Asian;American;Bar & Grill,$$,"5B Estate Cruz Bay, Cruz Bay, St. John 00830",Cruz Bay,18.3304863,-64.7929943,(781) 497-4182,https://stjohnbackbar.com,stjbackbar,STJBackBar,https://explorestj.com/wp-content/uploads/2025/04/St-John-Back-Bar.jpeg,,,14:00-01:00,14:00-01:00,14:00-01:00,14:00-01:00,14:00-02:00,14:00-02:00,14:00-01:00
Cariga's Island Cafe,,"A laid-back island cafe on the Frydenhoj waterfront near Benner Bay lagoon, serving ahi tuna tacos, grouper Reuben sandwiches, wings, and breakfast fare.",St. Thomas,American;Caribbean,$,"42 Estate Frydenhoj, St. Thomas, USVI 00802",Frydenhoj,18.3221904,-64.8686195,(340) 514-4574,,carigasislandcafe,carigasislandcafe,https://www.myviapp.com/wp-content/uploads/2025/01/304854370_501116272019490_5053710274356135273_n.jpg,,,08:30-18:30,08:30-16:00,08:30-16:00,08:30-16:00,08:30-19:00,08:30-16:00,08:30-15:00
SeaSalt,,"A waterfront seafood restaurant at Sapphire Beach Club in Nazareth, part of the St. Thomas Restaurant Group, serving sea-to-table dishes with a retractable roof and bay views.",St. Thomas,Seafood;American,$$$,"16-1-10 Nazareth, St. Thomas 00802",Nazareth,18.320408,-64.850112,(340) 714-7874,https://www.seasaltvi.com,,,"https://images.getbento.com/accounts/890662eefb69a36d15debb5416a03f22/media/images/20409SS_Ciopinno3_2024-01-22_21_14_34.jpg?w=1200&fit=crop&auto=compress,format&cs=origin&crop=focalpoint&fp-x=0.5&fp-y=0.5",waterfront,,17:00-22:00,17:00-22:00,17:00-22:00,17:00-22:00,17:00-22:00,17:00-22:00,17:00-22:00
Sion Farm Distillery,,"A restaurant and tasting room at the Mutiny Island Vodka distillery in mid-island St. Croix, serving smash burgers, flying fish and chips, and shareable plates alongside handcrafted cocktails.",St. Croix,American;Caribbean,$$,"4000 Sion Farm, Christiansted, St. Croix 00820",Sion Farm,17.7590107,-64.7407535,(340) 690-9322,https://www.sionfarmdistillery.com,sionfarmdistillery,SionFarmDistillery,https://dynamic-media-cdn.tripadvisor.com/media/photo-o/19/1f/3f/cd/front-of-our-building.jpg?w=1200&h=-1&s=1,,vegetarian,11:30-19:30,11:30-19:30,11:30-19:30,11:30-19:30,11:30-19:30,10:00-14:00,closed
Pangea Terra & Ocean to Table,,"A tree-house style seafood restaurant at Pavilions & Pools Resort in Smith Bay, sourcing line-caught local fish directly from Caribbean fishermen since 2019.",St. Thomas,Seafood,$$$,"6400 Estate Smith Bay, Pavilions & Pools Resort, St. Thomas 00802",Smith Bay,18.3420244,-64.864843,(340) 690-0963,https://www.pangeausvi.com,pangeausvi,,https://static.wixstatic.com/media/709f19_13ced344f4e348baa6e8476052b9c03f~mv2.jpg,,vegan;gluten-free,17:00-21:00,17:00-21:00,17:00-21:00,17:00-21:00,17:00-21:00,17:00-21:00,closed
Sun & Sea Bar & Grill,,"A family-friendly dockside bar and grill on Water Bay in Smith Bay near Point Pleasant Resort, serving fresh local catch, craft beer, and live entertainment.",St. Thomas,American;Seafood;Bar & Grill,$$,"6600 Estate Smith Bay, St. Thomas 00802",Smith Bay,18.3420244,-64.864843,(340) 775-7200,https://sunnseavi.com,,,https://sunnseavi.com/wp-content/uploads/2024/02/IMG_0392-1.jpg,waterfront;live-music,,08:00-22:00,08:00-22:00,08:00-22:00,08:00-22:00,08:00-22:00,08:00-22:00,11:00-22:00
Caribbean Fish Market,,"A beachfront seafood restaurant at Elysian Beach Resort in Nazareth overlooking Cowpet Bay, known for market-fresh seafood, Caribbean lobster, and Sunday brunch.",St. Thomas,Seafood,$$$,"6800 Estate Nazareth, Elysian Beach Resort, St. Thomas 00802",Nazareth,18.320408,-64.850112,(340) 714-7874,https://www.caribbeanfishmarketvi.com,caribbeanfishmarketvi,CaribbeanFishMarket,"https://images.getbento.com/accounts/46fc4a7d10ae60f5d0b64c4fdbb0ea99/media/i7ZMbCXREeJ3yAcyLQwg_IMG_2383.jpg?w=1200&fit=max&auto=compress,format&cs=origin",waterfront,,17:00-22:00,17:00-22:00,17:00-22:00,17:00-22:00,17:00-22:00,17:00-22:00,10:00-22:00
Island Vibez Grill,,"A local grilled-food counter near Sunny Isle in Christiansted, known for jerk chicken, ribs, and fish with vegetarian, vegan, and gluten-free options and catering.",St. Croix,Caribbean;Barbecue,$,"6000 Diamond Ruby, Ste 1, Christiansted, St. Croix 00820",Sunny Isle,17.7290492,-64.7498102,(340) 514-8140,https://islandvybzgrill340.com,islandvybzgrill,,https://dynamic-media-cdn.tripadvisor.com/media/photo-o/2d/e9/13/b7/caption.jpg?w=1200&h=-1&s=1,takeout,vegetarian;vegan;gluten-free,09:00-17:00,09:00-17:00,09:00-17:00,09:00-17:00,09:00-17:00,10:00-14:00,closed
Lemongrass Restaurant & Bar,,"An American-Caribbean restaurant at the Westin St. John Resort Villas in Chocolate Hole, serving breakfast and dinner with views of Great Cruz Bay.",St. John,American;Caribbean,$$$,"300B Chocolate Hole, Cruz Bay, St. John 00831",Chocolate Hole,18.315788,-64.7848604,(340) 693-8000,,,LemongrassVI,https://resizer.otstatic.com/v2/photos/wide-xlarge/1/24992459.jpg,waterfront;outdoor-seating,,17:00-21:00,17:00-21:00,17:00-21:00,17:00-21:00,17:00-21:00,17:00-21:00,17:00-21:00
Sea Terrace Restaurant,,"An oceanfront restaurant at the reopened Grapetree Bay Hotel on St. Croix's East End, serving breakfast through lunch with locally sourced ingredients and Sunday brunch.",St. Croix,American;Seafood,$$,"5000 South Grapetree Bay Road, Christiansted, St. Croix 00820",Grapetree Bay,17.7515612,-64.593311,(340) 249-0700,https://grapetreebayhotel.com/sea-terrace-restaurant/,grapetreebayhotel,grapetreebayhotel,https://dynamic-media-cdn.tripadvisor.com/media/photo-o/2a/38/26/d7/outdoor-dining-with-incredible.jpg?w=1200&h=-1&s=1,waterfront;outdoor-seating,,07:00-15:00,07:00-15:00,07:00-15:00,07:00-15:00,07:00-15:00,07:00-15:00,07:00-15:00
East End Bar & Pizza,,"A casual open-air bar at Grapetree Bay Hotel's East End, serving wood-fired pizzas, salads, and sandwiches with a full bar and live Caribbean music Thursday through Saturday.",St. Croix,American;Pizza;Bar & Grill,$$,"5000 South Grapetree Bay Road, Christiansted, St. Croix 00820",Grapetree Bay,17.7515612,-64.593311,(340) 249-0700,https://grapetreebayhotel.com/east-end-bar/,grapetreebayhotel,grapetreebayhotel,https://dynamic-media-cdn.tripadvisor.com/media/photo-o/2c/b9/fd/73/enjoy-a-drink-and-live.jpg?w=1200&h=1200&s=1,waterfront;outdoor-seating;live-music,,15:00-21:00,15:00-21:00,15:00-21:00,15:00-21:00,15:00-21:00,15:00-21:00,15:00-21:00
Far East Steakhouse,,"A reservation-only fine-dining steakhouse at Grapetree Bay Hotel, blending Asian fusion cuisine with premium steaks and sushi in an oceanfront dining room minutes from Point Udall.",St. Croix,Steakhouse;Japanese;Asian,$$$,"5000 South Grapetree Bay Road, Christiansted, St. Croix 00820",Grapetree Bay,17.7515612,-64.593311,(340) 249-0700,https://grapetreebayhotel.com/far-east-steakhouse/,grapetreebayhotel,grapetreebayhotel,https://grapetreebayhotel.com/wp-content/uploads/2024/01/51321210.webp,waterfront,,closed,closed,closed,17:00-21:00,17:00-21:00,17:00-21:00,closed
Lionfish Restaurant,,"An upscale tropical Asian-Caribbean restaurant at Point Pleasant Resort, serving bold flavors, creative cocktails, and responsibly sourced seafood with ocean views over Water Bay.",St. Thomas,Asian;Caribbean,$$$,"6600 Estate Smith Bay, St. Thomas 00802",Smith Bay,18.3420244,-64.864843,(340) 775-7200,https://www.pointpleasantresort.com/lionfish-restaurant,,,https://www.pointpleasantresort.com/sites/nppr/files/styles/750x500/public/paragraphs/images/two-column/right/view%20of%20ocean%20from%20lionfish%20restaurant.jpg,waterfront,,closed,closed,16:00-21:00,16:00-21:00,16:00-21:00,16:00-21:00,16:00-21:00
Alloro,,"An Italian fine-dining restaurant at The Ritz-Carlton, St. Thomas, offering fresh housemade pasta and locally sourced seafood inspired by Sicily, served on an ocean-view terrace.",St. Thomas,Italian,$$$,"6900 Great Bay, St. Thomas 00802",Great Bay,18.3198845,-64.8427938,(340) 775-3333,https://www.ritzcarlton.com/en/hotels/sttrz-the-ritz-carlton-st-thomas/dining/,,,https://dynamic-media-cdn.tripadvisor.com/media/photo-o/1c/2d/5a/42/seating-area.jpg?w=1200&h=-1&s=1,waterfront,,17:30-22:00,17:30-22:00,17:30-22:00,17:30-22:00,17:30-22:00,17:30-22:00,17:30-22:00
Sangria's Beachside Bistro,,"A casual open-air beachside bistro at Elysian Beach Resort in Nazareth, serving sandwiches, salads, pizza, and bottomless mimosas just steps from the sand, with swimsuits welcome.",St. Thomas,American;Caribbean,$$,"6800 Estate Nazareth, Elysian Beach Resort, St. Thomas 00802",Nazareth,18.320408,-64.850112,(340) 714-7874,https://www.sangriasvi.com,,,"https://images.getbento.com/accounts/7e35afaa85cf14990ed3e9bb8c442a66/media/G9874JOQoyhXkFtH0dWl_IMG_7792.JPG?w=1200&fit=max&auto=compress,format&cs=origin",waterfront;outdoor-seating,,07:30-20:00,07:30-20:00,07:30-20:00,07:30-20:00,07:30-20:00,07:30-20:00,closed
Sandbar,,"An oceanfront Spanish tapas and paella bar at Morningstar Buoy Haus in Estate Thomas, sister restaurant to Isla Blue, serving fresh shellfish and sangria de fresa steps from Morningstar Beach.",St. Thomas,Spanish;Seafood,$$,"5 Estate Bakkeroe, St. Thomas 00802",Estate Thomas,18.3206486,-64.9222091,(340) 249-0100,https://www.frenchmansreefstthomas.com/dining.htm,,,https://www.frenchmansreefstthomas.com/files/6998/24005395_ImageLargeWidth.jpg,waterfront;outdoor-seating,,11:00-21:00,11:00-21:00,11:00-21:00,11:00-21:00,11:00-21:00,11:00-21:00,11:00-21:00
Isla Blue,,"An upscale global-fusion restaurant at Morningstar Buoy Haus, blending Mexican, Caribbean, and Japanese flavors with premium tequilas and an extensive wine list in a breezy oceanfront setting.",St. Thomas,Mexican;Asian;Caribbean,$$$,"5 Estate Bakkeroe, St. Thomas 00802",Estate Thomas,18.3206486,-64.9222091,(340) 249-0100,https://www.frenchmansreefstthomas.com/dining.htm,,,https://www.frenchmansreefstthomas.com/files/6998/24005986_ImageLargeWidth.jpg,waterfront,,17:00-22:00,17:00-22:00,17:00-22:00,17:00-22:00,17:00-22:00,17:00-22:00,17:00-22:00
Sugarfin,,"A beachfront Caribbean-Asian fusion restaurant and sushi bar at Morningstar Buoy Haus, serving breakfast through dinner with vibrant island flavors and masterful Asian technique.",St. Thomas,Asian;Caribbean;Sushi,$$,"5 Estate Bakkeroe, St. Thomas 00802",Estate Thomas,18.3206486,-64.9222091,(340) 249-0100,https://www.frenchmansreefstthomas.com/dining.htm,,,https://www.frenchmansreefstthomas.com/files/6998/24005409_ImageLargeWidth.jpg,waterfront,,07:00-22:00,07:00-22:00,07:00-22:00,07:00-22:00,07:00-22:00,07:00-22:00,07:00-22:00
Luna Mar,,"A casually sophisticated oceanview restaurant and sports bar at The Westin Beach Resort & Spa at Frenchman's Reef, with panoramic Charlotte Amalie sunset views and twelve TVs for the game.",St. Thomas,American;Caribbean,$$,"5 Estate Bakkeroe, St. Thomas 00802",Estate Thomas,18.3206486,-64.9222091,(340) 249-0100,https://www.frenchmansreefstthomas.com/dining.htm,,,https://www.frenchmansreefstthomas.com/files/6998/24044885_ImageLargeWidth.jpg,waterfront,,11:00-22:00,11:00-22:00,11:00-22:00,11:00-22:00,11:00-22:00,11:00-22:00,11:00-22:00
The Terrace,,"An open-air fine-dining restaurant in The Buccaneer resort's historic Great House, overlooking Christiansted Harbor and the golf fairways with Caribbean-inspired seafood and steaks.",St. Croix,Caribbean;Seafood;Steakhouse,$$$,"5007 Shoys, Christiansted, St. Croix 00820",Shoys,17.7533715,-64.6770551,(340) 712-2120,https://thebuccaneer.com/dine/the-terrace/,,,https://thebuccaneer.com/wp-content/uploads/2024/12/The-Terrace_2013-1350x900.webp,waterfront,,closed,closed,18:00-20:30,18:00-20:30,18:00-20:30,18:00-20:30,18:00-20:30
Beauregard's on the Beach,,"An open-air beachfront restaurant on The Buccaneer resort's Grotto Beach, serving sushi, tacos, and cocktails under a thatched roof with Friday-night fire dancers.",St. Croix,Sushi;Mexican;Caribbean,$$,"5007 Shoys, Christiansted, St. Croix 00820",Shoys,17.7533715,-64.6770551,(340) 712-2142,https://thebuccaneer.com/dine/beauregards-on-the-beach/,,,https://thebuccaneer.com/wp-content/uploads/2024/12/beauregards-img-0345_wide-1200x900.jpg,waterfront;outdoor-seating;live-music,,closed,closed,12:00-18:00,12:00-18:00,12:00-19:30,12:00-18:00,12:00-18:00
Flamboyant Ocean Front Lounge,,"A casual poolside restaurant and bar at Carambola Beach Resort on St. Croix's North Shore, serving Caribbean-inspired lunch, dinner, and cocktails overlooking Davis Bay.",St. Croix,Caribbean;American,$$,"Estate Davis Bay, Christiansted, St. Croix 00851",Davis Bay,17.7615305,-64.8327101,(340) 778-3800,https://www.marriott.com/en-us/hotels/stxbr-carambola-beach-resort-st-croix-us-virgin-islands/overview/,,,https://media-cdn.tripadvisor.com/media/photo-w/06/c8/26/49/renaissance-st-croix.jpg,waterfront;outdoor-seating,,11:00-22:00,11:00-22:00,11:00-22:00,11:00-22:00,11:00-22:00,11:00-22:00,11:00-22:00
Edge Bar,,"A poolside bar and lounge high above the Caribbean at The Westin Beach Resort & Spa at Frenchman's Reef, serving cocktails and grilled poolside fare with sweeping harbor views.",St. Thomas,American;Bar & Grill,$$,"5 Estate Bakkeroe, St. Thomas 00802",Estate Thomas,18.3206486,-64.9222091,(340) 249-0100,https://www.frenchmansreefstthomas.com/dining.htm,,,https://www.frenchmansreefstthomas.com/files/6998/24124320_ImageLargeWidth.jpg,waterfront;outdoor-seating,,11:00-19:00,11:00-19:00,11:00-19:00,11:00-19:00,11:00-19:00,11:00-19:00,11:00-19:00
The Lobby Bar,,"A stylish lobby lounge at The Westin Beach Resort & Spa at Frenchman's Reef, serving shareable plates, charcuterie, and craft cocktails with views of Charlotte Amalie Harbor.",St. Thomas,American;Bar & Grill,$$,"5 Estate Bakkeroe, St. Thomas 00802",Estate Thomas,18.3206486,-64.9222091,(340) 249-0100,https://www.frenchmansreefstthomas.com/dining.htm,,,https://www.frenchmansreefstthomas.com/files/6998/24005423_ImageLargeWidth.jpg,waterfront,,16:00-23:00,16:00-23:00,16:00-23:00,16:00-23:00,16:00-00:00,16:00-00:00,16:00-23:00
Salt Shack,,"A beachfront shack at Morningstar Buoy Haus serving wood-fired Caribbean dishes and hand-crafted cocktails at communal picnic tables, with rotating live entertainment every Friday night.",St. Thomas,Caribbean;Bar & Grill,$$,"2 Estate Bakkeroe, St. Thomas 00802",Estate Thomas,18.3206486,-64.9222091,(340) 249-0123,https://www.buoyhaus.com/saint-thomas-restaurants/salt-shack,,,https://marriott.cdn.tambourine.com/buoy-haus-beach-resort/media/bh-salt-shack-header-1920x600-69dd46b641664.jpg,waterfront;outdoor-seating;live-music,,closed,closed,closed,closed,18:00-21:00,closed,closed
Beach Buzz,,"A beachfront coffee shop at Sapphire Beach Club serving specialty coffee, smoothies, breakfast sandwiches, and ice cream steps from the sand.",St. Thomas,Cafe;American,$,"16-1-10 Nazareth, St. Thomas 00802",Nazareth,18.320408,-64.850112,,https://www.beachbuzzvi.com,thebeachbuzzvi,,"https://images.getbento.com/accounts/24265f0a074e5f8f1facb4ffc2ca9212/media/images/65156Beach_buzz_Smoothie_BeaCH.jpg?w=1200&fit=crop&auto=compress,format&cs=origin&crop=focalpoint&fp-x=0.5&fp-y=0.5",waterfront;takeout,,07:00-14:00,07:00-14:00,07:00-14:00,07:00-14:00,07:00-14:00,07:00-14:00,07:00-14:00
Love City Cafe,,"A locally owned bakery cafe in a bright yellow shipping container in Coral Bay, serving fresh pastries, breakfast, lunch, smoothies, and artisan coffee.",St. John,Cafe;Bakery,$,"Coral Bay, St. John 00830",Coral Bay,18.3425418,-64.7160343,(340) 642-4786,https://www.lovecitycafe.com,lovecitycafe,lovecitycafe,https://static.wixstatic.com/media/352706_d795cfc74aab41afb290020e545c58cf~mv2.jpg,takeout,,07:00-13:00,07:00-13:00,07:00-13:00,07:00-13:00,07:00-13:00,07:00-13:00,closed
Cutlass & Cane,,"An oceanfront restaurant and bar at Yacht Haven Grande marina, serving ocean-table cuisine with fresh local seafood, international-inspired shared plates, and craft cocktails in a relaxed, chic setting.",St. Thomas,Seafood;American,$$$,"5332 Yacht Haven Grande, St. Thomas 00802",Yacht Haven Grande,18.3356198,-64.9212098,(340) 777-2263,https://cutlassandcanevi.com,cutlass_and_cane_vi,cutlassandcanevi,https://cutlassandcanevi.com/wp-content/uploads/2024/08/NIK_7337-1024x683.jpg,waterfront;outdoor-seating,,16:00-22:00,closed,16:00-22:00,16:00-22:00,16:00-22:00,16:00-22:00,11:00-22:00
St. Thomas Social,,"A modern Mediterranean and Caribbean restaurant and social lounge at Yacht Haven Grande, blending vibrant flavors with a high-energy atmosphere and harbor views of moored yachts.",St. Thomas,Mediterranean;Caribbean,$$,"5320 Yacht Haven Grande, Bldg M, St. Thomas 00802",Yacht Haven Grande,18.3356198,-64.9212098,(340) 715-5930,https://stt.social,,sttsocial,https://img1.wsimg.com/isteam/ip/ca26d625-42fd-4362-b67b-93acc1473b3d/photo1.jpeg,waterfront,,12:00-21:00,12:00-21:00,12:00-21:00,12:00-21:00,12:00-21:00,15:00-21:00,10:30-16:00
Buddha Sushi Lounge & Grill,,"A chic sushi lounge and grill in Frydenhoj blending Japanese culinary traditions with Caribbean flair, offering an extensive raw, cooked, and veggie roll menu.",St. Thomas,Japanese;Sushi,$$,"114-3 Estate Frydenhoj, St. Thomas 00802",Frydenhoj,18.3221904,-64.8686195,(340) 714-3474,http://www.buddhasushivi.com,buddhasushivi,,https://s3-media0.fl.yelpcdn.com/bphoto/yyz7O2jaPurmkx0RC6BJQw/o.jpg,,,closed,17:00-22:00,17:00-22:00,17:00-22:00,17:00-22:00,17:00-22:00,closed
Mim's Seaside Bistro,,"A 30-year Bolongo Bay waterfront institution known for fresh seafood, especially local lobster, served in a family-style island setting.",St. Thomas,Seafood;Caribbean,$$$,"Building 15, Watergate Villas, Bolongo Bay, St. Thomas 00802",Bolongo Bay,18.3116212,-64.8956982,(340) 775-2081,https://www.mimsseaside.com,mimsseasidebistro,MimsSeasideBistro,https://images.squarespace-cdn.com/content/v1/66fc6fc3de8fdc030d4d9f60/10193db8-5b92-4da0-90c0-0709956ab2cd/_MG_4016+Large.jpeg,waterfront,,17:30-22:00,17:30-22:00,closed,17:30-22:00,17:30-22:00,17:30-22:00,17:30-22:00
B&B Kitchen,,"A neighborhood restaurant on King Street in Christiansted that evolved from a smokehouse, serving island-inspired comfort food like crispy snapper, jerk Alfredo, and slow-braised ribs.",St. Croix,Caribbean;American,$$,"45 King Street, Christiansted, St. Croix 00820",Christiansted,17.7462508,-64.7038502,(340) 277-2444,https://bnbkitchen.com,bnbkitchen_stx,,"https://img1.wsimg.com/isteam/ip/f1bbb76f-e683-4986-a24f-7f0cd9c893b0/fried%20chicken%20plate.jpeg",,,closed,11:00-21:00,11:00-21:00,11:00-21:00,11:00-21:00,11:00-21:00,10:00-16:00
Crucian Cafe,,"A Caribbean-inspired cafe from the creators of Crucian Gold on Strand Street in Christiansted, serving fresh juices, artisan coffee, local teas, and handmade chocolates from Bleu Chocolat.",St. Croix,Cafe;Caribbean,$,"1115 Strand Street, Christiansted, St. Croix 00820",Christiansted,17.7448897,-64.7064485,(340) 208-3746,,cruciancafe,,https://dynamic-media-cdn.tripadvisor.com/media/photo-o/33/b1/08/4b/this-quaint-and-cozy.jpg?w=1200&h=-1&s=1,takeout,,08:00-16:00,08:00-16:00,08:00-22:00,08:00-22:00,08:00-22:00,08:00-22:00,closed
Tap Deck Bistro and Bar,,"An upstairs waterfront bistro and bar opposite the Frederiksted pier, serving fresh seafood, smoked meats, wood-fired flatbreads, and craft cocktails with sunset views.",St. Croix,American;Seafood,$$,"1D Strand St, Frederiksted, St. Croix 00840",Frederiksted,17.7124365,-64.8833717,(340) 773-5227,https://www.tapdeckbistroandbar.com,,,https://dynamic-media-cdn.tripadvisor.com/media/photo-o/19/fe/25/65/photo5jpg.jpg?w=1200&h=-1&s=1,waterfront;outdoor-seating;live-music,,15:00-23:00,15:00-23:00,15:00-23:00,15:00-23:00,15:00-23:00,15:00-23:00,15:00-23:00
Ziggy's Island Market,,"A beloved gas station, convenience store, and outdoor kitchen and tavern on St. Croix's East End Road, known for Cuban sandwiches, curry dishes, rotis, and BBQ in a friendly, laid-back setting.",St. Croix,Caribbean;American,$,"5088 Estate Solitude, Christiansted, St. Croix 00820",Solitude,17.7568548,-64.7343109,(340) 773-8382,,,ZiggysIslandMarketSTX,https://dynamic-media-cdn.tripadvisor.com/media/photo-o/28/0d/25/3a/ziggy-s-island-market.jpg?w=1200&h=-1&s=1,outdoor-seating;takeout,,06:00-20:00,06:00-20:00,06:00-20:00,06:00-20:00,06:00-00:00,07:00-20:00,07:00-14:30
Maná Deli Restaurant,,"A family-style Dominican restaurant in Peter's Rest serving breakfast, lunch, and dinner daily, known for spare ribs with rice and beans and other authentic Dominican dishes.",St. Croix,Dominican;Caribbean,$,"250 Peters Rest, Christiansted, St. Croix 00820",Peters Rest,17.7305291,-64.7370884,(340) 227-8239,,,,https://itin-dev.wanderlogstatic.com/freeImage/3ds8rKcGWBY99TbkCtBDOeXMMKvTqyki,takeout,,06:00-21:00,06:00-21:00,06:00-21:00,06:00-21:00,06:00-21:00,06:00-22:00,09:00-16:00
Anato,,"A Christiansted restaurant in the former Harvey's location on Company Street, serving an eclectic fusion of local Crucian favorites and international flavors in a chic, relaxed setting.",St. Croix,Caribbean;American,$$,"11 Company Street, Christiansted, St. Croix 00820",Christiansted,17.7448146,-64.7044436,(340) 473-0096,,,,"https://s3-us-west-2.amazonaws.com/imgds360live/storefront/3546100/-RESTAURANT_FOOD_PICS/ANATO.webp",,,closed,11:00-16:00,11:00-16:00,11:00-16:00,closed,closed,11:00-15:00
The Shack at Hull Bay,,"A beach bar and fast-casual kitchen at Hull Bay on St. Thomas's North Side, drawing on ingredients from the on-property Hideaway Farm for fresh-caught seafood bites and cocktails.",St. Thomas,Seafood;American,$$,"9-1 Estate Hull Bay, Northside, St. Thomas 00802",Hull Bay,18.3702338,-64.9545903,(340) 244-5957,https://www.theshackhullbay.com,theshackhullbay,theshackhullbay,https://images.squarespace-cdn.com/content/v1/6229eb112de99e5bb8571fc0/5e31f57b-0608-4515-be54-c07c0f862102/DSC07739.jpg,outdoor-seating,,closed,11:30-21:00,11:30-21:00,11:30-21:00,11:30-21:00,11:30-21:00,11:30-21:00
Smoke Up Fusion BBQ,,"A Caribbean-Asian fusion wood-fire pit BBQ shack at Crown Bay Marina, smoking brisket, jerk chicken, and fusion sides with harbor views.",St. Thomas,BBQ;Caribbean;Asian Fusion,$$,"168-169 Crown Bay Marina, Charlotte Amalie West, St. Thomas 00802",Crown Bay,18.3341011,-64.9516363,+1 305-998-9314,,smoke_up_vi,,https://dynamic-media-cdn.tripadvisor.com/media/photo-o/2e/3f/5a/5d/caption.jpg?w=1200&h=1200&s=1,outdoor-seating,,closed,11:00-20:00,11:00-20:00,11:00-20:00,11:00-20:00,12:00-20:00,12:00-20:00
Sea La Vie,,"An intimate French bistro on the water's edge in Frenchtown, offering seafood, steaks, and lobster crepes with locally sourced fish and produce.",St. Thomas,French;Seafood,$$$,"24 Honduras, Frenchtown, St. Thomas 00802",Frenchtown,18.3379037,-64.9431988,(340) 693-7808,,,,https://bloximages.newyork1.vip.townnews.com/virginislandsdailynews.com/content/tncms/assets/v3/editorial/6/bc/6bc99f4b-e053-57e8-bdce-ad3183923c14/5c328838c6aab.image.jpg,waterfront,,closed,17:30-21:00,17:30-21:00,17:30-22:00,17:30-22:00,17:30-22:00,closed
Breaker's Roar Tiki Bar,,"A tiki bar on the Christiansted boardwalk at the King Christian Hotel, serving tropical cocktails and Asian-inspired small plates like dumplings, wings, and sushi.",St. Croix,Asian Fusion;Bar & Grill,$$,"1102 King's Wharf, Christiansted, St. Croix 00820",Christiansted,17.7471341,-64.7033898,(340) 773-6330,https://www.kingchristianhotel.com/eat-drink/breakers-roar-tiki-bar/,breakersroartikibar,breakersroar,https://www.kingchristianhotel.com/site/assets/files/12690/breakers-23.500x500.jpg,"waterfront;live-music",,18:00-23:00,18:00-23:00,18:00-23:00,18:00-23:00,18:00-23:00,18:00-23:00,18:00-23:00
Sapphire Beach Bar,,"A casual beachfront bar and grill at Sapphire Beach Resort serving island-famous fish tacos, burgers, and frozen cocktails steps from the sand.",St. Thomas,American;Caribbean;Bar & Grill,$$,"16-1-10 Nazareth, Smith Bay, St. Thomas 00802",Smith Bay,18.320408,-64.850112,(340) 714-7874,https://www.sbbvi.com,,SapphireBeachBar,https://dynamic-media-cdn.tripadvisor.com/media/photo-o/16/85/45/ac/view-from-the-sapphire.jpg?w=1200&h=-1&s=1,waterfront,,10:00-20:00,10:00-20:00,10:00-20:00,10:00-20:00,10:00-20:00,10:00-20:00,10:00-20:00
Paradise Pie,,"A fast-casual pizza kitchen at Sapphire Beach Club serving signature pizzas, salads, and wings with panoramic beach views, part of the St. Thomas Restaurant Group.",St. Thomas,Pizza;American,$$,"Sapphire Beach Club, St. Thomas 00802",Smith Bay,18.320408,-64.850112,(340) 714-7874,https://www.paradisepievi.com,,ParadisePieVI,"https://images.getbento.com/accounts/efc9e568f110556607b92e250329ff48/media/images/51379IMG_0920.jpg?w=1200&fit=crop&auto=compress,format&cs=origin&crop=focalpoint&fp-x=0.5&fp-y=0.5",waterfront,,10:00-20:00,10:00-20:00,10:00-20:00,10:00-20:00,10:00-20:00,10:00-20:00,10:00-20:00
Pesce Italian,,"A fine-dining Italian restaurant at American Yacht Harbor in Red Hook serving handmade pastas and a curated wine list, part of the St. Thomas Restaurant Group.",St. Thomas,Italian;Seafood,$$$,"1 American Yacht Harbour, Red Hook, St. Thomas 00802",Red Hook,18.3252689,-64.8520709,(340) 714-7874,https://www.pescevi.com,,,"https://images.getbento.com/accounts/f25cbb304c0a138184f36e6e09c3a268/media/images/99949Pesce_Interior_framed.JPEG?w=1200&fit=crop&auto=compress,format&cs=origin&crop=focalpoint&fp-x=0.5&fp-y=0.5",waterfront,,17:00-22:00,17:00-22:00,17:00-22:00,17:00-22:00,17:00-22:00,17:00-22:00,17:00-22:00
Agave,,"A tequila bar and Mexican kitchen at American Yacht Harbor in Red Hook, part of the St. Thomas Restaurant Group, serving tacos, fajitas, and creative margaritas.",St. Thomas,Mexican,$$,"1 American Yacht Harbor, Red Hook, St. Thomas 00802",Red Hook,18.3252689,-64.8520709,(340) 714-7874,https://www.agavevi.com,,AgaveVI,"https://images.getbento.com/accounts/7e53849f82228db3e0f9d16d1b295c21/media/images/558Fish_Tacos.jpg?w=1200&fit=crop&auto=compress,format&cs=origin&crop=focalpoint&fp-x=0.51&fp-y=0.73",waterfront,,11:00-22:00,11:00-22:00,11:00-22:00,11:00-22:00,11:00-22:00,11:00-22:00,11:00-22:00
The Patio at Sunset Grille,,"A tiki-bar-style patio restaurant at Secret Harbour Beach Resort, a casual counterpart to Sunset Grille serving Caribbean-American fusion fare and tropical cocktails on the beach.",St. Thomas,Caribbean;American;Bar & Grill,$$,"6280 Estate Nazareth, Secret Harbour, St. Thomas 00802",Secret Harbour,18.3180101,-64.8529185,(340) 714-7874,https://www.sunsetgrillevi.com/the-patio-at-sunset-grille/,,,"https://images.getbento.com/accounts/4f99e7e6e520297dd7deff0b6738f9bc/media/images/40344IMG_1507.JPG?w=1200&fit=crop&auto=compress,format&cs=origin&crop=focalpoint&fp-x=0.5&fp-y=0.5","waterfront;outdoor-seating",,08:00-22:00,08:00-22:00,08:00-22:00,08:00-22:00,08:00-22:00,08:00-22:00,08:00-22:00
Ocean 362,,"An island-to-table restaurant at Gallows Point Resort in Cruz Bay led by Chef Ramesh Pillai, serving a modern take on traditional Caribbean dishes with fresh, sustainably sourced ingredients.",St. John,Caribbean;Seafood,$$$,"3AAA Gallows Point Road, Cruz Bay, St. John 00830",Cruz Bay,18.3300784,-64.7984803,1-340-776-0001,https://ocean362.com,ocean362stj,ocean362stj,https://ocean362.com/wp-content/uploads/2020/11/ocean-362-st-john-homepage-burratta-copy.jpg,waterfront,,17:00-21:00,closed,closed,17:00-21:00,17:00-21:00,17:00-21:00,17:00-21:00
RAW Sushi & Sake Bar,,"A sushi restaurant and sake bar at American Yacht Harbor in Red Hook serving Caribbean-inflected sushi rolls and RAWkin' Tacos, part of the St. Thomas Restaurant Group.",St. Thomas,Japanese;Sushi,$$,"2 American Yacht Harbor, Red Hook, St. Thomas 00802",Red Hook,18.3252689,-64.8520709,(340) 714-7874,https://www.rawvi.com,rawsushivi,RawSushiVI,"https://images.getbento.com/accounts/cbb57aa29f9acfdf330f06f249b5339c/media/eemNpE9SQ1tFho49kxs4_IMG_0666.jpg?w=5400&fit=max&auto=compress,format&cs=origin",waterfront,,17:00-22:00,17:00-22:00,17:00-22:00,17:00-22:00,17:00-22:00,17:00-22:00,17:00-22:00
Sol at Mafolie,,"A hillside restaurant at the Mafolie Hotel overlooking Charlotte Amalie harbor, serving breakfast daily and Caribbean-inspired dinner with sunset views, closed for dinner on Tuesdays.",St. Thomas,Caribbean;American,$$$,"7091 Estate Mafolie, St. Thomas 00802",Mafolie,18.3511570,-64.9314453,(340) 774-2790,https://www.mafolie.com,mafolie_hotel_and_restaurant,TheMafolieHotelandRestaurant,https://images.squarespace-cdn.com/content/v1/60ede63b0534ef566a1d067b/0deae0f6-8b39-46b9-9aad-880684b6d681/Restaurant+View+1.jpg,outdoor-seating,,17:00-20:30,closed,17:00-20:30,17:00-20:30,17:00-20:30,17:00-20:30,17:00-20:30
Coconut Cove,,"A relaxed beachfront restaurant at The Ritz-Carlton, St. Thomas serving Caribbean-inspired small bites by day and grilled seafood favorites by night along Great Bay.",St. Thomas,Caribbean;Seafood,$$$,"6900 Great Bay, St. Thomas 00802",Great Bay,18.3198845,-64.8427938,(340) 775-3333,https://www.ritzcarlton.com/en/hotels/sttrz-the-ritz-carlton-st-thomas/dining/,,,"https://resizer.otstatic.com/v4/photos/52776807-3?width=1280&height=720",waterfront,,11:00-21:00,11:00-21:00,11:00-21:00,11:00-21:00,11:00-21:00,11:00-21:00,11:00-21:00
Sails Beachside Restaurant & Bar,,"An oceanfront restaurant and bar at The Ritz-Carlton, St. Thomas offering relaxed daytime dining that transitions into grilled steaks and seafood after dark.",St. Thomas,American;Seafood,$$$,"6900 Great Bay, St. Thomas 00802",Great Bay,18.3198845,-64.8427938,(340) 775-3333,https://www.ritzcarlton.com/en/hotels/sttrz-the-ritz-carlton-st-thomas/dining/,,,"https://dynamic-media-cdn.tripadvisor.com/media/photo-o/2f/66/8c/6b/sails-by-evening.jpg?w=1200&h=-1&s=1",waterfront,,11:00-18:00,11:00-18:00,11:00-21:00,11:00-21:00,11:00-21:00,11:00-21:00,11:00-21:00
Bleuwater Restaurant,,"A breakfast restaurant at The Ritz-Carlton, St. Thomas offering an a la carte menu and buffet of locally inspired dishes with ocean views each morning.",St. Thomas,American;Breakfast,$$,"6900 Great Bay, St. Thomas 00802",Great Bay,18.3198845,-64.8427938,(340) 775-3333,https://www.ritzcarlton.com/en/hotels/sttrz-the-ritz-carlton-st-thomas/dining/,,,"https://dynamic-media-cdn.tripadvisor.com/media/photo-o/07/67/34/3d/the-terrace-at-bleuwater.jpg?w=1200&h=-1&s=1",outdoor-seating,,07:00-11:00,07:00-11:00,07:00-11:00,07:00-11:00,07:00-11:00,07:00-11:00,07:00-11:00
The Mermaid Restaurant,,"A beachfront restaurant at The Buccaneer resort in Christiansted serving Caribbean-inspired lunch and dinner, with fire-dancer and steel-pan performances on select evenings.",St. Croix,Caribbean;Seafood,$$$,"5007 Estate Shoys, Christiansted, St. Croix 00820",East End,17.7547691,-64.6819374,(340) 712-2121,https://thebuccaneer.com/dine/the-mermaid/,,,https://thebuccaneer.com/wp-content/uploads/2024/12/The-Mermaid-Restaurant-1-1.jpg,waterfront,,11:30-21:00,11:30-21:00,11:30-21:00,11:30-21:00,11:30-21:00,11:30-21:00,11:00-21:00
Cafe Roma,,"An intimate upstairs Italian restaurant tucked above a small staircase in downtown Cruz Bay, serving St. John since 1981 and repeatedly voted the island's best Italian cuisine.",St. John,Italian,$$$,"1-C Cruz Bay, St. John 00830",Cruz Bay,18.3304863,-64.7929943,(340) 776-6524,https://caferomastjohn.com,,stjohncaferoma,https://s3-media0.fl.yelpcdn.com/bphoto/Stp9_H2EC1F0F0LSXm9krw/o.jpg,,,17:00-21:00,17:00-21:00,17:00-21:00,17:00-21:00,17:00-21:00,closed,17:00-21:00
Caroline's Breakfast & Brunch,,"An oceanfront breakfast and brunch restaurant on the Christiansted boardwalk, serving Caribbean-influenced breakfast classics and fun cocktails overlooking the harbor.",St. Croix,American;Caribbean;Breakfast,$$,"59 Kings Wharf, Christiansted, St. Croix 00820",Christiansted,17.7471341,-64.7033898,(340) 773-6330,https://www.carolinesbreakfast.com,carolinesbreakfast,carolinesbreakfast,https://s3-media0.fl.yelpcdn.com/bphoto/_v_v7GVf4snT5wlMU3ndzQ/o.jpg,waterfront,,07:00-13:30,07:00-13:30,07:00-13:30,07:00-13:30,07:00-13:30,07:00-13:30,07:00-13:30
Martel Lounge,,"An open-air terrace lounge at The Buccaneer resort in Christiansted, serving handcrafted cocktails, local Crucian spirits, and small bites, with sunset views over Christiansted Harbor.",St. Croix,American;Bar & Grill,$$$,"5007 Shoys, Christiansted, St. Croix 00824",Shoys,17.7533715,-64.6770551,(340) 712-2148,https://thebuccaneer.com/dine/the-martel-lounge/,,,https://thebuccaneer.com/wp-content/uploads/2024/12/martel-lounge-bar_wide-1443x900.jpg,outdoor-seating;live-music,,closed,closed,17:00-20:30,17:00-20:30,17:00-20:30,17:00-20:30,17:00-20:30
St. Croix Cellars,,"An upscale wine bar and tasting room in downtown Christiansted, offering global and St. Croix-produced wines, wine flights, and a full kitchen menu of charcuterie, steak, and light bites.",St. Croix,Wine Bar;American,$$$,"Queen Cross Street, Christiansted, St. Croix 00820",Christiansted,17.7443635,-64.7027879,(340) 725-1756,https://stcroixcellars.com,,,https://stcroixcellars.com/wp-content/uploads/2025/04/st-croix-cellars-1-819x1024.jpg,,,closed,16:00-22:00,16:00-22:00,16:00-22:00,16:00-00:00,16:00-02:00,closed
Fresco's Kitchen & Pub House,,"A casual courtyard cafe and pub in Gallows Bay, serving Vietnamese banh mi, Italian-inspired handhelds, loaded fries, and American breakfast favorites with shaded outdoor seating.",St. Croix,Cafe;American,$,"5007 Starboard St, Gallows Bay, Christiansted, St. Croix 00820",Gallows Bay,17.7463636,-64.6968422,(340) 719-0126,,,,https://s3-us-west-2.amazonaws.com/imgds360live/storefront/3546100/Fresco-1.png,outdoor-seating,,11:00-20:00,11:00-20:00,11:00-20:00,11:00-20:00,11:00-20:00,closed,closed
Last Lap Bar & Grill,,"A local soul-food spot in Smith Bay known for oxtail, fried fish, roast chicken, and fresh conch, serving authentic island home cooking in a casual, friendly setting.",St. Thomas,Caribbean;American,$,"Smith Bay #67, St. Thomas 00802",Smith Bay,18.3420244,-64.864843,(340) 998-5747,,,,https://itin-dev.wanderlogstatic.com/freeImage/QjAlzwhDaKICTMeBgUDXhwRpSAQCyvlB,,,closed,closed,12:00-22:00,12:00-22:00,11:30-22:00,11:30-22:00,closed
The Dive Bar,,"A small, family-owned dive bar at Compass Point Marina serving grilled burgers, chicken sandwiches, and bratwurst alongside ice-cold beer and cocktails, popular with the island's sailing and charter crowd.",St. Thomas,American;Bar & Grill,$$,"6300 Estate Frydenhoj, St. Thomas 00802",Frydenhoj,18.3221904,-64.8686195,(340) 203-9575,,,TheDiveBarVI,https://dynamic-media-cdn.tripadvisor.com/media/photo-o/0e/78/da/3c/dive-bar.jpg,waterfront,,15:00-23:00,15:00-23:00,15:00-23:00,15:00-23:00,15:00-23:00,15:00-23:00,15:00-23:00
Hinds Restaurant,,"An intimate restaurant in Cruz Bay's Meada's Plaza from Chef Walter Hinds, serving upscale Continental Caribbean fare like salad Lyonnais, fresh local seafood, and rack of lamb in a tropical setting.",St. John,Caribbean;American,$$$,"6B Cruz Bay, St. John 00830",Cruz Bay,18.3304863,-64.7929943,(340) 776-0303,,,,https://itin-dev.wanderlogstatic.com/freeImage/tLeuDhPrQfuffG3so5DkRdeMW1XcB9K8,,,closed,16:00-23:00,16:00-23:00,16:00-23:00,16:00-23:00,16:00-23:00,16:00-23:00
The Tap Room,,"The brewpub and tasting room for St. John Brewers on the second floor of Mongoose Junction, pouring house-made craft beers and sodas alongside a full pub menu of burgers, pizza, and sandwiches.",St. John,American;Brewery;Bar & Grill,$$,"Mongoose Junction, 2nd Floor, Cruz Bay, St. John 00830",Cruz Bay,18.3325244,-64.7921113,(340) 715-7775,https://stjohnbrewers.com,stjohnbrewers,TheTapRoomStJohn,https://itin-dev.wanderlogstatic.com/freeImage/U1Hloxv2FlqaqP3pNDPHokNxLzGp1cZr,,,12:00-20:00,12:00-20:00,12:00-20:00,12:00-20:00,12:00-20:00,12:00-20:00,12:00-20:00
Tarpon's Table,,"A dockside seafood restaurant next to the Red Hook ferry terminal, serving fresh catch fish tacos, poke bowls, and stuffed lobster from breakfast through dinner while tarpon feed just off the deck.",St. Thomas,Seafood;American,$$,"6300 Red Hook Rd, St. Thomas 00802",Red Hook,18.3266832,-64.8492828,(340) 643-3427,https://tarponstable.com,tarponstablevi,,https://resizer.otstatic.com/v2/photos/wide-huge/1/51225192.jpg,waterfront;outdoor-seating,,08:00-22:00,08:00-22:00,08:00-22:00,08:00-22:00,08:00-22:00,08:00-22:00,08:00-22:00
Sudi's Caribbean Bar & Grille,,"A poolside Caribbean bar and grill at Sapphire Village condos on St. Thomas's east end, home of the original bushwacker, serving locally caught fish and American favorites in a casual setting.",St. Thomas,Caribbean;American,$$,"6700 Sapphire Village, St. Thomas 00802",Smith Bay,18.332193,-64.848782,(340) 777-5423,https://www.sudisvi.com,sudis_bar_and_grille,SudisBar,https://islandeguide.com/custom/domain_1/image_files/927_photo_21983.jpg,outdoor-seating,,closed,08:00-21:00,08:00-21:00,08:00-21:00,08:00-21:00,08:00-21:00,08:00-21:00
Island Time Pub,,"A harborfront pub at American Yacht Harbor in Red Hook serving wood-fired pizzas, poke bowls, and full bar drinks with marina views.",St. Thomas,American;Pizza,$$,"American Yacht Harbor, Red Hook, St. Thomas 00802",Red Hook,18.325833,-64.851833,(340) 774-2929,,,IslandTimePub,https://dynamic-media-cdn.tripadvisor.com/media/photo-o/12/f3/73/2d/20180514-182216-largejpg.jpg,waterfront,,15:00-00:00,15:00-00:00,15:00-00:00,15:00-00:00,15:00-00:00,15:00-00:00,15:00-00:00
Margaritaville Restaurant,,"A beachfront restaurant at the Margaritaville Vacation Club by Wyndham in Smith Bay, serving island-inspired breakfast, lunch, and dinner with views of the anchorage.",St. Thomas,American;Caribbean,$$,"6080 Estate Smith Bay, St. Thomas 00802",Smith Bay,18.3461578,-64.8679458,(340) 775-8310,https://www.stthomasmargaritaville.com/dining,,,https://dynamic-media-cdn.tripadvisor.com/media/photo-o/12/e2/c2/00/margaritaville-restaurant.jpg?w=1200&h=1200&s=1,waterfront;outdoor-seating,,08:00-22:00,08:00-22:00,08:00-22:00,08:00-22:00,08:00-22:00,08:00-22:00,08:00-22:00
Love Croix Eatz,,"A food truck off Queen Mary Highway in Sunny Isle serving Crucian-Puerto Rican fusion like alcapurrias, pinchos, and empanadillas under a shaded outdoor tent.",St. Croix,Caribbean;Latin American,$,"Queen Mary Hwy, Sunny Isle, Christiansted, St. Croix 00820",Sunny Isle,17.7290492,-64.7498102,(340) 201-3732,,lovecroixeatz,,https://itin-dev.wanderlogstatic.com/freeImage/4l1iTksYdINDYEty97NCchZCgSwgV09u,takeout;outdoor-seating,,closed,closed,closed,closed,11:00-16:00,11:00-16:00,11:00-16:00
The Windmill Bar,,"A hilltop bar at Estate Susannaberg beside an 18th-century sugar-mill windmill, serving burgers and pub fare with panoramic sunset views over the north shore and BVI.",St. John,American;Bar & Grill,$$,"Estate Susannaberg, Cruz Bay, St. John 00830",Susannaberg,18.3416809,-64.7718864,+1 912-657-2564,https://windmillbar.com,,thewindmillbar,https://windmillbar.com/wp-content/uploads/2023/08/MG_9550-scaled.jpg,outdoor-seating,,11:00-20:00,11:00-20:00,11:00-20:00,11:00-20:00,11:00-20:00,11:00-20:00,11:00-20:00
Southwind,,"A grab-and-go coffee house and gift shop at The Ritz-Carlton, St. Thomas, offering espresso drinks, smoothies, pastries, and light bites with ocean views.",St. Thomas,Cafe;American,$$,"6900 Great Bay, St. Thomas 00802",Great Bay,18.3198845,-64.8427938,(340) 775-3333,https://www.ritzcarlton.com/en/hotels/sttrz-the-ritz-carlton-st-thomas/dining/,,,https://cache.marriott.com/content/dam/marriott-renditions/STTRZ/sttrz-southwind-9617-hor-pano.jpg,,,07:00-18:00,07:00-18:00,07:00-18:00,07:00-18:00,07:00-18:00,07:00-18:00,07:00-18:00
Lovango Restaurant,,"An award-winning waterfront fine-dining restaurant on Lovango Cay, a private island reachable only by resort ferry from St. John, serving contemporary coastal Caribbean cuisine.",St. John,Caribbean;Seafood,$$$,"Lovango Cay, St. John, USVI 00830",Lovango Cay,18.3619682,-64.8064780,(340) 625-0400,https://www.lovangovi.com,lovangoresort,lovangoresort,https://www.lovangovi.com/wp-content/uploads/2025/03/Lovango-USVI-people-dining-outdoors-by-the-water.jpg,waterfront;outdoor-seating,,17:00-21:00,17:00-21:00,closed,17:00-21:00,17:00-21:00,closed,closed
The Sandpit,,"A casual walk-up beach restaurant at Lovango Resort's private island, serving wood-fired flatbreads, poke bowls, and cocktails on the sand, with fireside dinner and live music Wednesdays and Saturdays.",St. John,Caribbean;Seafood,$$,"Lovango Cay, St. John, USVI 00830",Lovango Cay,18.3619682,-64.8064780,(340) 625-0400,https://www.lovangovi.com,lovangoresort,lovangoresort,https://www.lovangovi.com/wp-content/uploads/2025/03/Lovango-USVI-Yachtsmen-Yachts_0000_nachos-at-Lovango-USVI.jpg,waterfront;outdoor-seating;live-music,,11:00-16:00,11:00-16:00,11:00-21:00,11:00-16:00,11:00-16:00,11:00-21:00,11:00-16:00
13 Restaurant,,"An oceanside restaurant at Yacht Haven Grande marina blending Creole and Southern comfort cuisine with waterfront views, owned by Nashville chefs Barbara and Eddie Jackson.",St. Thomas,Creole;American,$$$,"5304 Yacht Haven Grande, St. Thomas 00802",Yacht Haven Grande,18.3356198,-64.9212098,(340) 774-6800,https://13restaurant.com,13.restaurant,13RestaurantStThomas,https://www.virginislandsretreats.com/wp-content/uploads/2023/07/13-Restaurant-Exterior-scaled.jpg,waterfront;outdoor-seating,,11:00-21:00,11:00-21:00,11:00-21:00,11:00-21:00,11:00-21:00,11:00-21:00,09:00-15:00
Barefoot Buddha,,"A health-conscious cafe near Havensight Mall serving organic coffee, smoothies, soups, quiches, and paninis, with a side of mailbox and shipping services.",St. Thomas,Cafe;American,$,"9715 Estate Thomas, Rte 30, St. Thomas 00802",Havensight,18.3326944,-64.9224021,(340) 777-3668,https://barefootbuddhavi.com,barefootbuddhavi,,https://barefootbuddhavi.com/wp-content/uploads/bb-plugin/cache/cafe-friends-1920-landscape-a9497786db36d1846382c79b3d94cf23-j2s4mvt7nof6.webp,takeout,vegetarian;vegan;gluten-free,07:00-15:00,07:00-15:00,07:00-15:00,07:00-15:00,07:00-15:00,07:30-15:00,closed
Frenchtown Deli & Coffee Shop,,"A Frenchtown deli and coffee shop serving deli-style sandwiches, bagels, smoked salmon, and homemade soups and salads for over 30 years.",St. Thomas,Deli;Cafe;American,$,"24A Honduras, Frenchtown, St. Thomas 00802",Frenchtown,18.3379037,-64.9431988,(340) 776-7211,,,FrenchtownDeli,https://itin-dev.wanderlogstatic.com/freeImage/BkAaopeEq0ihjfE0nJhoHsjVPOdKfc1U,takeout,,07:00-20:00,07:00-20:00,07:00-20:00,07:00-20:00,07:00-20:00,07:00-17:00,07:00-16:00
Shupe's on the Boardwalk,,"A boardwalk burger joint in downtown Christiansted serving freshly ground beef and veggie burgers, hand-cut fries, and wings, with harbor views and live entertainment.",St. Croix,American;Bar & Grill,$$,"1102 Strand St, Christiansted, St. Croix 00820",Christiansted,17.7448897,-64.7064485,(340) 773-3400,https://www.shupesontheboardwalk.com,shupesstx,shupesontheboardwalk,"https://www.shupesontheboardwalk.com/uploads/1/2/0/9/120910003/published/shupes-waterfront.jpg?1754088139",waterfront;outdoor-seating;live-music,,11:00-22:00,11:00-22:00,11:00-22:00,11:00-22:00,11:00-22:00,11:00-22:00,11:00-21:00
Z Cafe,,"A weekday lunch cafe in the Pentheny Building in downtown Christiansted, the catering kitchen of Zalatina Foods serving farm-to-table sandwiches, salads, quiche, and bowls.",St. Croix,Cafe;American,$$,"46 King St, Christiansted, St. Croix 00820",Christiansted,17.7433115,-64.7075789,(340) 713-2233,https://www.zcafestx.com,zcafestx,,https://images.squarespace-cdn.com/content/v1/6457bae985b21167934977d3/19baacf9-f899-4c9d-b669-2d4a042d6cfb/Z+Cafe-06.jpg,,,10:30-14:30,10:30-14:30,10:30-14:30,10:30-14:30,10:30-14:30,closed,closed
The Courtyard,,"A juice bar and wellness cafe across from Government House in downtown Christiansted, serving organic cold-pressed juices, smoothies, soups, salads, sandwiches, and quiche.",St. Croix,Cafe;American,$,"54 King St, Christiansted, St. Croix 00820",Christiansted,17.7460482,-64.7039413,(340) 773-7728,https://thecourtyardstx.com,thecourtyardstx,thecourtyardstx,https://mystcroix.vi/wp-content/uploads/2022/05/courtyard-food-580x589.jpg,,vegan;gluten-free,08:00-18:00,08:00-18:00,08:00-18:00,08:00-18:00,08:00-18:00,08:00-18:00,closed
Umami STX,,"St. Croix's only sushi restaurant, tucked into Five Corners in La Grande Princesse, serving fresh rolls, sashimi, nigiri, and poke bowls with a bar pouring beer, wine, and sake.",St. Croix,Japanese;Sushi,$$,"4034 La Grande Princesse Drive, Unit 3, Christiansted, St. Croix 00820",La Grande Princesse,17.7568548,-64.7343109,(340) 718-2100,https://www.umamistx.com,,umamisushistx,https://s3-media0.fl.yelpcdn.com/bphoto/4j1RVPZDo68PVycWQpO9Ig/o.jpg,takeout,,closed,11:30-20:00,11:30-20:00,11:30-20:00,11:30-20:00,15:00-20:00,closed
Galangal,,"An upscale French-Asian fusion restaurant in the 1789 Great House on Church Street in Christiansted, blending Thai, Vietnamese, and Malaysian influences with hand-crafted cocktails and an extensive wine list.",St. Croix,Thai;French;Asian Fusion,$$$,"2205 Church Street, Christiansted, St. Croix 00820",Christiansted,17.7466727,-64.7031678,(340) 690-1100,http://www.galangalstx.com,,,https://s3-us-west-2.amazonaws.com/imgds360live/storefront/3546100/Galangal-5.png,,,closed,closed,17:00-21:00,17:00-21:00,17:00-21:00,17:00-21:00,closed
Petite Pump Room Bar & Restaurant,,"A 50-year Charlotte Amalie institution overlooking the harbor on Veterans Drive, serving authentic local and Caribbean breakfast and lunch classics like conch fritters and stewed oxtails.",St. Thomas,Caribbean;American,$,"3400 Veterans Dr Ste 6, Charlotte Amalie, St. Thomas 00802",Charlotte Amalie,18.3403342,-64.9294754,(340) 776-2976,https://www.petitepumproom.com,,PetitePumpRoomStThomas,https://www.petitepumproom.com/wp-content/uploads/2020/12/petite-pump-room-bar-restaurant-cover5.jpg,waterfront;outdoor-seating,,07:00-16:30,07:00-16:30,07:00-16:30,07:00-16:30,07:00-16:30,07:00-16:30,closed
Sib's on the Mountain,,"St. Thomas's oldest restaurant and bar, established in 1924, a hilltop mountain tavern in Estate Elizabeth serving pub fare and cocktails with panoramic island views.",St. Thomas,American;Bar & Grill,$$,"33-5 Estate Elizabeth, St. Thomas 00802",Estate Elizabeth,18.3575576,-64.9429966,(340) 774-8967,https://sibsonthemountain.com,,,https://i0.wp.com/sibsonthemountain.com/wp-content/uploads/2025/07/SUN08079.jpg?resize=1300%2C1300&ssl=1,outdoor-seating,,16:00-00:00,16:00-00:00,16:00-00:00,16:00-00:00,13:00-02:00,13:00-02:00,13:00-00:00
Saki House,,"A Thai and Japanese restaurant and sushi bar in Red Hook Plaza, serving sushi rolls, pad see ew, and Thai curries in a casual, colorful dining room.",St. Thomas,Thai;Japanese;Sushi,$$,"6500 Red Hook Plaza #104B, St. Thomas 00802",Red Hook,18.3259133,-64.8522654,(340) 776-3338,https://sakihousestthomas.com,,,https://sakihousestthomas.com/wp-content/uploads/2019/11/Saki-House-Place-3.jpg,,,11:00-22:00,11:00-22:00,11:00-22:00,11:00-22:00,11:00-22:00,11:00-22:00,16:00-22:00
Smoking Rooster BBQ,,"A Caribbean-Asian barbecue spot at Havensight Mall from the Greengos restaurant group, smoking meats with house-made rubs and sauces steps from the cruise ship dock.",St. Thomas,Barbecue;American,$$,"9006 Havensight Mall Suite N, Charlotte Amalie, St. Thomas 00802",Havensight,18.3326944,-64.9224021,(340) 715-2625,http://www.thesmokingrooster.com,,,https://greengosvi.com/wp-content/uploads/2019/01/chicken2-e1547668936201.jpg?w=2400,takeout,,11:00-22:00,11:00-22:00,11:00-22:00,11:00-22:00,11:00-22:00,11:00-22:00,11:00-22:00
Rancho Latino,,"A Dominican restaurant in Vitraco Mall serving traditional Latin dishes like mofongo, sancocho, and mangu in a casual strip-mall setting.",St. Thomas,Dominican;Latin American,$$,"3 Vitraco Park, Vitraco Mall, Charlotte Amalie, St. Thomas 00802",Charlotte Amalie,18.3368501,-64.9170858,(340) 774-8909,,rancholatinostt,,https://cdn.placejoys.com/4135-oy-photo-1.jpg,takeout,,11:00-22:00,11:00-22:00,11:00-22:00,11:00-22:00,11:00-22:00,11:00-22:00,11:00-22:00
Pie Whole Pizza,,"A Frenchtown pizzeria and Italian kitchen near the ball field, serving brick-oven specialty pizzas, homemade pastas, and salads alongside craft beer and wine.",St. Thomas,Italian;Pizza,$$,"24A Honduras, Frenchtown, St. Thomas 00802",Frenchtown,18.3379037,-64.9431988,(340) 642-5074,https://piewholepizza.com,,,"https://img1.wsimg.com/isteam/ip/4c374ad2-7e5d-4bc5-857b-9bf9f352ab77/pie%20whole%202.jpg",takeout,,12:00-21:00,12:00-21:00,12:00-21:00,12:00-21:00,12:00-21:30,12:00-21:30,12:00-21:00
China King,,"A Chinese and Japanese seafood restaurant at Buccaneer Mall in Havensight, serving classic Chinese-American dishes and sushi for dine-in or takeout.",St. Thomas,Chinese;Japanese,$,"9800 Buccaneer Mall #6, Charlotte Amalie, St. Thomas 00802",Havensight,18.3326944,-64.9224021,(340) 776-3333,https://chinakingstthomas.com,,,https://dynamic-media-cdn.tripadvisor.com/media/photo-o/18/5a/a0/ff/exterior.jpg?w=1200&h=-1&s=1,takeout,,11:00-21:00,11:00-21:00,11:00-21:00,11:00-21:00,11:00-21:00,11:00-21:00,16:00-21:00
Enkai Sushi Bar,,"A longtime sushi bar and lounge at Yacht Haven Grande marina, serving artisan rolls and craft cocktails; St. Thomas' reader's-choice favorite for sushi since 2009.",St. Thomas,Japanese;Sushi,$$,"5328 Yacht Haven Grande, Building C, Suite 101, St. Thomas 00802",Yacht Haven Grande,18.3356198,-64.9212098,(340) 774-6254,,enkaisushibar,Enkaisushibarstt,https://media-cdn.tripadvisor.com/media/photo-o/1c/43/d7/70/sushi-bar.jpg,waterfront,vegan,closed,11:00-22:00,11:00-22:00,11:00-22:00,11:00-22:00,11:00-22:00,closed
Toast Diner,,"A funky diner in Christiansted's Pan Am Pavilion serving Venezuelan arepas, breakfast classics, and bold Bloody Marys just steps from the boardwalk.",St. Croix,American;Venezuelan;Breakfast,$$,"1120 Pan Am Pavilion, Christiansted, St. Croix 00820",Christiansted,17.7443635,-64.7027879,(340) 692-0313,,toastdiner,toastdinerstx,https://s3-us-west-2.amazonaws.com/imgds360live/storefront/3546100/Toast-Diner.png,takeout,,07:30-14:00,07:30-14:00,07:30-14:00,07:30-14:00,07:30-14:00,07:30-14:00,07:30-14:00
Heading East Bar & Grill,,"An open-air Caribbean bar and grill in Susannaberg serving authentic local dishes like oxtail, curried goat, and fried fish, with an island-style fish fry at night.",St. John,Caribbean;American,$$,"28 Estate Susannaberg, Cruz Bay, St. John 00830",Susannaberg,18.3407677,-64.7707772,(340) 201-2658,,headingeastbarandgrill,headingeastllc,https://media-cdn.tripadvisor.com/media/photo-o/2b/e7/bb/29/caption.jpg,outdoor-seating,,10:00-23:00,10:00-23:00,10:00-23:00,10:00-23:00,10:00-00:00,10:00-00:00,10:00-20:00
Ronnie's Pizza an' Mo',,"A casual pizza spot near Chocolate Hole serving hand-tossed pies, wings, and Caribbean-inspired specials for dine-in, takeout, and delivery.",St. John,Pizza;American,$$,"Palm Plaza #1D, Southside Road, St. John 00830",Chocolate Hole,18.315788,-64.7848604,(340) 693-7700,https://ronniespizzastj.com,ronniespizzaanmo,,"https://dynamic-media-cdn.tripadvisor.com/media/photo-o/0b/a5/a0/b7/photo3jpg.jpg",takeout,,closed,15:00-20:30,15:00-20:30,15:00-20:30,15:00-20:30,16:00-20:30,closed
The Banana Deck,,"A downtown Cruz Bay institution famous for the Big Deck Burger, serving casual Caribbean and American classics with a build-your-own Bloody Mary bar on weekends.",St. John,Caribbean;American,$$,"3FB Bay Street, Cruz Bay, St. John 00831",Cruz Bay,18.3304863,-64.7929943,(340) 693-5055,https://www.thebananadeck.com,,BananaDeck,"https://dynamic-media-cdn.tripadvisor.com/media/photo-o/08/62/b3/ab/the-banana-deck.jpg",outdoor-seating,,11:00-21:00,11:00-21:00,11:00-21:00,11:00-21:00,11:00-21:00,11:00-21:00,11:00-21:00
Shambles Island Bar & Grill,,"A colorful bar, grill, and retail shop in Susannaberg dishing up BBQ, burgers, salads, and vegan options with a lively, laid-back St. John vibe.",St. John,American;Barbecue,$$,"Centerline Road, Susannaberg, St. John 00830",Susannaberg,18.3416809,-64.7718864,(340) 777-4015,https://shamblesvi.com,,ShamblesVI,https://img1.wsimg.com/isteam/ip/b3684a8b-b354-4aeb-8a7b-5dbae0a10f9d/_MG_5049.jpg,outdoor-seating,vegan,12:00-21:00,12:00-21:00,12:00-21:00,12:00-21:00,12:00-21:00,12:00-21:00,12:00-21:00
KD Flavor,,"A family-style Americana restaurant on St. Croix's East End overlooking Teague Bay, serving seafood, lobster, and steaks with a full bar and open-air dining.",St. Croix,American;Seafood;Steakhouse,$$$,"20 Route 82 #5261, Cotton Valley, Christiansted, St. Croix 00820",East End,17.7535846,-64.5662484,(340) 209-9599,,,,https://media-cdn.tripadvisor.com/media/photo-o/2e/ca/52/2a/caption.jpg,waterfront,gluten-free;vegetarian,closed,closed,17:00-20:00,17:00-20:00,17:00-20:00,17:00-20:00,closed
The Sausage Shack,,"An open-air roadside eatery at the corner of Seven Flags and East End Roads serving sausage-centric sandwiches, burgers, and tailgating-style comfort food with a full bar.",St. Croix,American;Barbecue,$,"99 Estate Solitude, Christiansted, St. Croix 00820",Solitude,17.7568548,-64.7343109,(340) 208-2751,,,,https://itin-dev.wanderlogstatic.com/freeImage/EN64hBmozWPMryCHGbdWdVHjnHyBSULv,outdoor-seating,,closed,12:00-19:00,12:00-19:00,12:00-19:00,12:00-19:00,10:00-18:00,closed
Castaways,,"A neighborly bar and restaurant in Estate Solitude blending Cheers-style camaraderie with Caribbean flavor, serving pub fare, daily specials, and drinks at down-to-earth prices.",St. Croix,American;Bar & Grill,$$,"5087 Estate Solitude, Christiansted, St. Croix 00820",Solitude,17.7568548,-64.7343109,(340) 719-0019,,,CastawaysSTX,https://media-cdn.tripadvisor.com/media/photo-o/14/58/8e/c6/20180816-133836-largejpg.jpg,,,15:00-00:00,closed,15:00-00:00,15:00-00:00,15:00-00:00,15:00-00:00,15:00-00:00
Leatherback Brewing Company,,"St. Croix's own microbrewery and tasting room in Kingshill, pouring house-brewed craft beers alongside wood-fired pizza and pub fare in a family-friendly beer garden.",St. Croix,American;Pizza,$$,"9902 William Roebuck Industrial Park, Kingshill, St. Croix 00850",Kingshill,17.7590107,-64.7407535,(340) 772-2337,https://leatherbackbrewing.com,,,https://dynamic-media-cdn.tripadvisor.com/media/photo-o/13/20/a7/0a/welcome-to-leatherback.jpg?w=1200&h=-1&s=1,outdoor-seating,gluten-free,11:30-20:00,11:30-20:00,11:30-20:00,11:30-20:00,11:30-20:00,11:30-20:00,11:30-20:00
Saigon Deli,,"A no-frills Vietnamese storefront on Mount Welcome Road in Christiansted, serving pho, spring rolls, and banh mi as fast, authentic takeout and dine-in.",St. Croix,Vietnamese,$,"14 Mount Welcome, Christiansted, St. Croix 00820",Christiansted,17.7476062,-64.6940556,(340) 713-1111,,,,https://itin-dev.wanderlogstatic.com/freeImage/MJXriBkEUsmA4i0N9AKbQ0yDiyW6zRrm,,,11:00-18:00,11:00-18:00,closed,11:00-18:00,11:00-18:00,11:00-18:00,closed
Sharkey's Bait Stand,,"St. Croix's premier sports bar and grill on Mount Welcome Road in Christiansted, with 20+ TVs, pool tables, burgers, wings, and Tex-Mex, plus weekly bingo, karaoke, and live music.",St. Croix,American;Bar & Grill,$$,"2001 Mount Welcome, Christiansted, St. Croix 00820",Christiansted,17.7476062,-64.6940556,(340) 719-9935,https://sharkeysstcroix.com,,,https://s3-us-west-2.amazonaws.com/imgds360live/storefront/3546100/Sharkeys_(1).png,,,11:30-01:00,11:30-01:00,11:30-01:00,11:30-02:00,11:30-04:00,11:30-04:00,11:30-01:00
The Bistro,,"A fast-casual breakfast and lunch spot across from the Post Office in Gallows Bay since 2011, serving espresso, fresh-baked pastries, bagels, salads, and sandwiches with indoor and outdoor seating.",St. Croix,Cafe;American,$,"5030 Anchor Way, Gallows Bay, Christiansted, St. Croix 00820",Gallows Bay,17.7463636,-64.6968422,(340) 772-2435,https://www.thebistrovi.com,the_bistro_vi,thebistrousvi,https://dynamic-media-cdn.tripadvisor.com/media/photo-o/18/32/ba/81/photo0jpg.jpg,,,07:00-15:00,07:00-15:00,07:00-15:00,07:00-15:00,07:00-15:00,08:00-15:00,closed
Alba's Bar & Restaurant,,"A family-owned Frederiksted mainstay on King Street serving authentic Caribbean and Puerto Rican fare, from fried snapper and stewed beef to lobster and rice and beans, with a full bar and outdoor seating.",St. Croix,Caribbean;Latin American,$$,"327 King Street, Frederiksted, St. Croix 00840",Frederiksted,17.7115511,-64.8825004,(340) 227-6879,,,albasbarandrestaurant,https://s3-us-west-2.amazonaws.com/imgds360live/storefront/3546100/albas3.png,outdoor-seating,,06:00-21:00,06:00-21:00,closed,06:00-21:00,06:00-21:00,06:00-21:00,06:00-21:00
El Sol Bar & Restaurant,,"A neighborhood bar and restaurant in Peter's Rest serving Crucian-Dominican and Puerto Rican-influenced fusion fare, from mofongo and conch fritters to goat stew and steaks, with indoor and outdoor seating.",St. Croix,Caribbean;Latin American,$$,"226 Peters Rest, Christiansted, St. Croix 00820",Peters Rest,17.7305291,-64.7370884,(340) 778-6986,,,Elsolstx,https://itin-dev.wanderlogstatic.com/freeImage/VW1YO1rBtgZxwknkD1KyGkAgORZuUN2i,outdoor-seating,,11:00-20:00,11:00-20:00,closed,11:00-21:00,11:00-21:00,11:00-21:00,11:00-20:00
Armstrong Ice Cream & Deli,,"A three-generation family-run ice cream stand and deli on Whim Road near Frederiksted, serving homemade tropical-flavor ice cream alongside burgers, grilled sandwiches, and breakfast fare.",St. Croix,American;Deli,$,"78B Whim Road, Frederiksted, St. Croix 00840",Frederiksted,17.7001452,-64.8605911,(340) 772-1919,,,,https://itin-dev.wanderlogstatic.com/freeImage/nsT6kSlc4HYEi6y51ZZewCVOjSbnIUSq,takeout,,closed,07:00-19:00,07:00-19:00,07:00-19:00,07:00-19:00,08:00-19:00,11:00-19:00
Mt. Pellier Domino Club,,"A rustic jungle bar and restaurant on Mahogany Road famous for its beer-drinking pigs, serving burgers, roti, and casual Caribbean fare alongside MamaWanna spiced rum.",St. Croix,Caribbean;Bar & Grill,$,"49 Mahogany Road, Frederiksted, St. Croix 00840",Frederiksted,17.7228531,-64.8804371,(340) 713-9042,,,,https://dynamic-media-cdn.tripadvisor.com/media/photo-o/34/28/9b/e3/caption.jpg?w=1200&h=-1&s=1,outdoor-seating,,10:00-15:00,10:00-17:00,10:00-17:00,10:00-17:00,10:00-17:00,08:00-17:00,10:00-17:00
Rossie's Bar & Restaurant,,"A casual, colorfully-muraled Orange Grove eatery near Christiansted serving home-cooked local favorites like bullfoot soup, mofongo with roast pork, conch stew, and fried chicken alongside burgers and wraps.",St. Croix,Caribbean;American,$,"8 & 15 Orange Grove, Christiansted, St. Croix 00820",Orange Grove,17.7440206,-64.7220635,(340) 713-4444,,,rossiesstcroix,https://itin-dev.wanderlogstatic.com/freeImage/4JEZ6N1dkk42PHqMmYllvf8D0EvhO4D1,,,10:00-21:00,10:00-21:00,10:00-21:00,10:00-21:00,10:00-22:00,10:00-22:00,closed
Sunset Bar,,"A craft cocktail and ceviche bar overlooking the Caribbean Sea at The Waves Cane Bay resort, serving Crucian-inspired small plates, frozen drinks, Leatherback beer, and wine with sunset views.",St. Croix,American;Bar & Grill,$$,"112C Cane Bay, St. Croix 00851",Cane Bay,17.7715166,-64.8100189,,https://www.thewavescanebay.com/restaurant-bar/,sunsetbarvi,,https://www.thewavescanebay.com/site/assets/files/13261/amaatcanebay_softopening_meredithzimmermanphotography-151.1200x900.jpg,waterfront;outdoor-seating,,closed,16:00-23:00,16:00-23:00,16:00-23:00,16:00-23:00,16:00-23:00,closed
Wine Shop VI,,"An intimate wine and cocktail bar tucked into Wharfside Village in Cruz Bay, pairing a curated wine list and Coravin-poured premium pours with a small chef-driven food menu.",St. John,Wine Bar;American,$$$,"Wharfside Village, Cruz Bay, St. John 00830",Cruz Bay,18.3304863,-64.7929943,(340) 714-3944,https://wineshopvi.com,wineshopvi,,https://wineshopvi.com/wp-content/uploads/2024/08/Entrance.jpg,,,closed,closed,16:00-21:00,16:00-21:00,16:00-21:00,16:00-21:00,closed
Zeny's Restaurant,,"A family-run Christiansted institution since 1996 serving authentic Crucian and Latin comfort food, from stew chicken and roast pork to conch in butter sauce, out of a bright yellow King Street storefront.",St. Croix,Caribbean;Latin American,$,"15 King Street, Christiansted, St. Croix 00820",Christiansted,17.7438887,-64.7065790,(340) 773-4393,,,,https://cruzanfoodie.com/wp-content/uploads/2022/01/IMG_0126-1024x683.jpg,,,11:00-21:00,11:00-21:00,11:00-21:00,11:00-21:00,11:00-21:00,11:00-21:00,11:00-21:00
Singh's Fast Food,,"An award-winning King Street counter serving authentic Trinidadian and West Indian fare for over 25 years, known for its rotis, stewed goat, curried chicken, and shrimp doubles.",St. Croix,Caribbean;West Indian,$,"23-B King Street, Christiansted, St. Croix 00820",Christiansted,17.7448861,-64.7055347,(340) 773-7357,https://singhsfastfood.weebly.com,,,https://singhsfastfood.weebly.com/uploads/5/6/5/7/5657381/2887547.jpg,,,07:00-20:30,07:00-20:30,07:00-20:30,07:00-20:30,07:00-20:30,07:00-20:30,closed
Alfio's Pizza,,"A small hand-made pizza and pasta counter on Company Street in Christiansted, serving daily specials and gluten-free pizzas by advance order.",St. Croix,Italian;Pizza,$$,"52B Company Street, Christiansted, St. Croix 00820",Christiansted,17.7438276,-64.7055179,(340) 719-8800,,,,https://dynamic-media-cdn.tripadvisor.com/media/photo-o/24/0d/b7/a1/alfio-s-supreme-pizza.jpg,,,closed,closed,17:00-22:00,17:00-22:00,17:00-22:00,17:00-22:00,closed
Wokame Island Sushi Bar & Restaurant,,"A Strand Street sushi bar in the Caravelle Arcade blending creative rolls with Caribbean flair alongside local American dishes, served across indoor and open-air seating.",St. Croix,Sushi;Seafood,$$,"1104 Strand Street, Christiansted, St. Croix 00820",Christiansted,17.7448897,-64.7064485,(340) 725-7967,,,WokameIslandRestaurant,https://dynamic-media-cdn.tripadvisor.com/media/photo-o/2a/e2/de/9a/caption.jpg,,,11:00-22:00,11:00-22:00,11:00-22:00,11:00-22:00,11:00-22:00,11:00-22:00,11:00-21:00
Rolling Smoke,,"A beachfront counter-service BBQ shack at Hotel on the Cay on Protestant Cay, smoking brisket, ribs, and chicken alongside burgers and vegetarian options.",St. Croix,BBQ;Seafood,$$,"Protestant Cay, Hotel on the Cay, Christiansted, St. Croix 00820",Christiansted,17.7496369,-64.7027817,(340) 773-2035,,rollingsmokestx,,https://www.thehotelonthecay.com/site/assets/files/11674/untitled-1.1200x900.png?1r37yg,waterfront,vegetarian,11:00-17:30,11:00-17:30,11:00-17:30,11:00-17:30,11:00-17:30,11:00-17:30,11:00-17:30
The Social Beer Garden,,"An upscale craft cocktail and beer bar on Company Street in Christiansted, serving gourmet flatbreads and small bites in a sophisticated courtyard setting.",St. Croix,Bar & Grill;American,$$,"50 AB Company Street, Christiansted, St. Croix 00820",Christiansted,17.7448146,-64.7044436,,https://www.thesocialbeergarden.com,thesocial.beergarden,thesocial.beergarden,https://static.wixstatic.com/media/c837a6_6d6a4a6e78be4377a635e248c9574311~mv2.jpg,,,closed,16:00-23:00,16:00-23:00,16:00-23:00,16:00-01:00,16:00-01:00,closed
Nautilus 340,,"A terrace restaurant perched above the water at Coral World Ocean Park, blending Japanese, French, and Caribbean flavors into dishes like reef fish tartare and coconut curry lobster with sweeping sunset views.",St. Thomas,Caribbean;Seafood,$$$,"6450 Coki Point Road, Coral World Ocean Park, St. Thomas 00802",Coki Point,18.3494848,-64.8639501,(340) 423-4123,https://nautilus340.com,,,https://nautilus340.com/wp-content/uploads/2026/04/nautilus-menu-image-2-1080x710.jpg,waterfront,,17:00-21:00,17:00-21:00,17:00-21:00,17:00-21:00,17:00-21:00,17:00-21:00,closed
Cream & Co.,,"A handmade ice cream shop on the ground level of the historic King Christian Hotel in Christiansted, serving classic and Caribbean-inspired flavors like peanut punch and ginger lemongrass.",St. Croix,Ice Cream;Dessert,$,"1102 King's Wharf, Christiansted, St. Croix 00820",Christiansted,17.7471341,-64.7033898,(340) 773-6330,https://www.creamandcoicecream.com,creamandcoicecream,,https://dynamic-media-cdn.tripadvisor.com/media/photo-o/33/67/98/1a/caption.jpg?w=1200&h=-1&s=1,takeout,gluten-free,11:00-20:00,11:00-20:00,11:00-20:00,11:00-20:00,11:00-22:00,11:00-22:00,11:00-20:00
VI Coffee Roasters,,"A coffee roastery, tasting room, and cafe at the King Christian Hotel in Christiansted, serving small-batch roasted coffee, pastries, and light bites with indoor and boardwalk seating.",St. Croix,Cafe;Coffee Shop,$,"1102 King's Wharf, Christiansted, St. Croix 00820",Christiansted,17.7471341,-64.7033898,(340) 773-6330,https://www.virginislandscoffeeroasters.com/st-croix-cafe/,vicoffeeroastersstx,,https://itin-dev.wanderlogstatic.com/freeImage/R1eEVDGoFp0dUyCOA97pFBON20TNR4n1,takeout;wifi,,07:00-17:00,07:00-17:00,07:00-17:00,07:00-17:00,07:00-17:00,07:00-17:00,07:00-16:00
Twin City Coffee House and Gallery,,"A longtime Company Street coffee shop and local art gallery in Christiansted, serving coffee blends from around the world alongside breakfast fare and rotating art from local artists.",St. Croix,Cafe;Coffee Shop,$,"1 Company Street, Christiansted, St. Croix 00820",Christiansted,17.7460025,-64.7028722,(340) 773-9400,https://twincitycoffeehouse.myshopify.com,,TwinCityCoffeeHouseAndGallery,https://dynamic-media-cdn.tripadvisor.com/media/photo-o/13/c1/f8/f5/twin-city-coffee-house.jpg?w=1200&h=1200&s=1,takeout,,06:30-14:00,06:30-14:00,06:30-14:00,06:30-14:00,06:30-14:00,07:00-12:00,closed
Luncheria,,"A beloved Mexican restaurant tucked into the Apothecary Courtyard on Company Street in Christiansted, known for tacos, burritos, and frozen margaritas under mahogany trees.",St. Croix,Mexican,$$,"2111 Company St, Christiansted, St. Croix 00820",Christiansted,17.7448146,-64.7044436,(340) 773-4247,,,Luncheria,https://d22ko7latny6xj.cloudfront.net/uploads/image/image/185284/large_IMG_0378.jpeg,outdoor-seating,vegetarian,11:00-21:00,11:00-21:00,11:00-21:00,11:00-21:00,11:00-21:00,11:00-21:00,closed
The Green House,,"A longtime waterfront bar and restaurant in downtown Charlotte Amalie near the cruise ship docks, serving the island's largest menu of American favorites like burgers, ribs, and seafood alongside daily happy hour specials.",St. Thomas,American;Seafood,$$,"5404 Store Tvaer Gade, Charlotte Amalie, St. Thomas 00802",Charlotte Amalie,18.3408285,-64.9333223,(340) 774-7998,https://thegreenhouserestaurant.com,,green.house.7568,https://thegreenhouserestaurant.com/wp-content/uploads/2024/05/DSC_2298-Large.jpeg,waterfront;outdoor-seating,vegetarian;vegan;gluten-free,11:00-21:00,11:00-21:00,11:00-21:00,11:00-21:00,11:00-21:00,11:00-21:00,11:00-21:00
Lovango Rum Bar,,"A downtown Cruz Bay rum bar and distillery serving Neapolitan-style wood-fired pizzas and craft cocktails, with nightly live music on the patio overlooking the harbor.",St. John,American;Pizza;Bar,$$,"1 Bay St, Cruz Bay, St. John 00830",Cruz Bay,18.3304863,-64.7929943,(305) 929-0994,https://lovangorumbar.com,lovangorum,Lovango-Rum-Bar-and-Distillery-115288323216788,https://www.caribjournal.com/wp-content/uploads/2023/05/lovango-rum-bar-outdoor-sigjn-1024x683.jpg,waterfront;outdoor-seating;live-music,vegan,17:00-22:00,17:00-22:00,17:00-22:00,17:00-22:00,17:00-22:00,17:00-22:00,17:00-22:00
Northside Grind,,"A coffee shop, deli, and market at the Flamboyan on the Bay Resort near Magens Bay, serving fresh coffee, sandwiches, and grab-and-go breakfast and lunch fare.",St. Thomas,Cafe;Coffee Shop,$,"6200 Magens Bay Road, St. Thomas 00802",Magens Bay,18.3640359,-64.9224453,(340) 642-2421,https://northsidegrind.com,northsidegrind,northsidegrind,https://images.squarespace-cdn.com/content/v1/5f7bbf647836946fede1680a/1601945842325-EUTWPF9HPG7FMNALBR6I/D62ED65D-1BB3-490D-9321-3FE3C489108D.jpeg,takeout,,07:00-15:00,07:00-15:00,07:00-15:00,07:00-15:00,07:00-15:00,07:00-15:00,07:00-15:00
Bibi Wine Bar and Bistro,,"An intimate wine bar and bistro in Havensight's Port of Sale Mall, offering a curated wine list, craft cocktails, and shared plates in a cozy setting.",St. Thomas,Wine Bar;American,$$,"9100 Port of Sale Mall, Charlotte Amalie, St. Thomas 00802",Havensight,18.3326944,-64.9224021,(340) 204-4114,https://www.bibiwinebarandbistro.com,bibiwinebar_usvi,,https://www.bibiwinebarandbistro.com/wp-content/uploads/2025/09/anchove-platter-scaled.jpg,,,17:00-22:00,17:00-22:00,17:00-22:00,17:00-22:00,17:00-23:00,17:00-23:00,closed
Mango Deli,,"A Caribbean deli at the Westin St. John Resort Villas, offering Starbucks coffee, fresh pastries, deli sandwiches, and specialty grab-and-go items on a patio overlooking Chocolate Hole.",St. John,Deli;Cafe,$,"300B Chocolate Hole, Cruz Bay, St. John 00831",Chocolate Hole,18.315788,-64.7848604,(340) 693-8000,https://www.marriott.com/en-us/hotels/sttwj-the-westin-st-john-resort-villas/dining/,,,https://live.staticflickr.com/7383/13473442085_57fdb13cc8.jpg,outdoor-seating;takeout,,06:30-21:00,06:30-21:00,06:30-21:00,06:30-21:00,06:30-21:00,06:30-21:00,06:30-21:00
Sunset Cove Bar & Grille,,"A casual open-air poolside restaurant at Marriott's Frenchman's Cove, serving breakfast through dinner with Caribbean-leaning bar fare and cocktails steps from the pool and beach.",St. Thomas,American;Caribbean,$$,"7338 Estate Bakkeroe, St. Thomas 00802",Bakkeroe,18.3227330,-64.9218109,(340) 693-4800,https://www.marriott.com/en-us/hotels/sttuv-marriotts-frenchmans-cove/dining/,,,https://itin-dev.wanderlogstatic.com/freeImage/xLHrEgDEn7viYeVqQJFK7WLJel68bkQI,waterfront;outdoor-seating,,08:30-22:00,08:30-22:00,08:30-22:00,08:30-22:00,08:30-22:00,08:30-22:00,08:30-22:00
Emerald Beach Bar,,"A beachfront bar and grill amid palm trees on Lindbergh Bay at Emerald Beach Resort, serving appetizers, burgers, wraps, and pizzas with sunset views and televised sports.",St. Thomas,American;Bar & Grill,$$,"8070 Lindbergh Bay, St. Thomas 00802",Lindbergh Bay,18.3352950,-64.9635936,(340) 777-8800,https://www.emeraldbeach.com/dining/emerald-beach-bar,,,"https://dynamic-media-cdn.tripadvisor.com/media/photo-o/1a/bb/f1/e5/new-chairs-at-emerald.jpg?w=1200&h=1200&s=1",waterfront;outdoor-seating,,11:00-22:00,11:00-22:00,11:00-22:00,11:00-22:00,11:00-22:00,11:00-22:00,11:00-22:00
Sunnyside Café and Pool Bar,,"A casual poolside cafe and bar at Bluebeard's Castle Resort overlooking Charlotte Amalie Harbor, serving breakfast through light dinner with pizza, sandwiches, salads, and daily brunch.",St. Thomas,American;Caribbean,$$,"1331 Estate Taarneberg, Charlotte Amalie, St. Thomas 00802",Charlotte Amalie,18.3402898,-64.9240282,(340) 643-8366,https://bluebeards.com/dining,,,"https://images.squarespace-cdn.com/content/v1/68e806094a132549b2b9f42b/1cd712f9-5d1c-41a1-80f6-d2151e6f87f3/POOL%2520VIEW%2520WITH%2520SUNNYSIDE%2520IN%2520BACKGROUND.png",waterfront;outdoor-seating,,09:00-16:00,09:00-16:00,09:00-16:00,09:00-16:00,09:00-16:00,09:00-16:00,09:00-16:00
The Castle Grill,,"An elevated open-air restaurant at Bluebeard's Castle Resort with terrace seating overlooking Charlotte Amalie Harbor, serving chef-inspired dinner fare with a full bar and live entertainment.",St. Thomas,American;Caribbean,$$,"1331 Estate Taarneberg, Charlotte Amalie, St. Thomas 00802",Charlotte Amalie,18.3402898,-64.9240282,(340) 774-1600,https://bluebeards.com/dining,,,"https://images.squarespace-cdn.com/content/v1/68e806094a132549b2b9f42b/2e127a3a-8b27-4f54-a8b5-8a321f135d10/CASTLE%2520GRILL%25201.jpg",waterfront;outdoor-seating;live-music,,16:00-22:00,16:00-22:00,16:00-22:00,16:00-21:00,16:00-21:00,16:00-21:00,16:00-21:00
Ekaete Pink Corner,,"A cash-only, family-run local institution at the corner of Routes 10 and 107 in Coral Bay, serving home-style Caribbean fare like curry chicken and peas and rice alongside homemade ice cream and tropical fruit smoothies.",St. John,Caribbean;West Indian,$,"Estate Emmaus #3, Coral Bay, St. John, USVI 00830",Coral Bay,18.3425418,-64.7160343,(340) 244-8583,,,,https://saintjohnislandguide.com/wp-content/uploads/2018/04/1-1.jpeg,takeout,,08:00-20:00,08:00-20:00,08:00-20:00,08:00-20:00,08:00-20:00,08:00-20:00,08:00-20:00
De' Coal Pot,,"A Caribbean restaurant near the Cruz Bay dock that reopened in a new location in 2025 after a pandemic-era closure, serving braised oxtail, curried goat, garlic herb conch, roti, and whole fried or steamed snapper.",St. John,Caribbean,$$,"Cruz Bay, St. John 00830",Cruz Bay,18.3304863,-64.7929943,(340) 714-2625,,,decoalpot,https://explorestj.com/wp-content/uploads/2025/06/Norma-De-Coal-Pot.jpeg,,,11:30-21:00,11:30-21:00,11:30-21:00,11:30-21:00,11:30-21:00,11:30-21:00,11:30-21:00
Uncle Joe's BBQ,,"A no-frills, cash-only Cruz Bay barbecue stand grilling ribs and chicken streetside since the 1990s, plated with corn, rice, and a choice of macaroni salad, potato salad, or coleslaw.",St. John,BBQ;Caribbean,$,"Senator Almando 'Rocky' Liburd Drive, Cruz Bay, St. John 00831",Cruz Bay,18.3316384,-64.7940478,(340) 693-8806,,,,https://whattodo-vi.com/wp-content/uploads/2020/06/Uncle-Joes-BBQ-1024x1024.jpg,takeout,,11:30-20:00,11:30-20:00,11:30-20:00,11:30-20:00,11:30-20:00,13:00-20:00,11:30-20:00
Karma Beach Lounge,,"A beachfront lounge and restaurant in Cruz Bay's Wharfside Village blending Mediterranean flavors with Caribbean soul, serving prime steaks, fresh sushi rolls, and creative share plates alongside a curated wine list and signature cocktails.",St. John,Mediterranean;Seafood;Sushi,$$$,"4A Cruz Bay Quarter, Wharfside Village, Cruz Bay, St. John 00831",Cruz Bay,18.3304863,-64.7929943,(305) 318-9599,https://karmastj.com,,karmabeachlounge,https://dynamic-media-cdn.tripadvisor.com/media/photo-o/2f/1a/1c/84/caption.jpg,waterfront;outdoor-seating,,11:30-22:00,11:30-22:00,11:30-22:00,11:30-22:00,11:30-22:00,11:30-22:00,11:30-22:00
The Palms Restaurant,,"A beachfront restaurant at Palms Resort & Beach (formerly The Palms at Pelican Cove) on St. Croix's mile-long private beach, serving Caribbean-inspired dishes and American favorites including its award-winning char-broiled rib-eye, with an adjoining Beach Bar and live music on weekends.",St. Croix,Caribbean;American,$$,"4126 La Grande Princesse, Christiansted, St. Croix 00820",La Grande Princesse,17.7658054,-64.7351429,(340) 718-8920,https://palmsresortbeach.com,palmspelicancove,ThePalmsAtPelicanCove,https://dynamic-media-cdn.tripadvisor.com/media/photo-o/21/d6/84/6b/the-restaurant-at-the.jpg?w=1200&h=-1&s=1,waterfront;outdoor-seating,,07:30-22:00,07:30-22:00,07:30-22:00,07:30-22:00,07:30-23:00,07:30-23:00,08:00-22:00
The Terrace St. John,,"A French-influenced, chef-driven fine-dining restaurant on the waterfront in Cruz Bay, just steps from the ferry dock, serving refined contemporary and classic cuisine by Chef Erica Miner with an extensive wine list.",St. John,French;Seafood,$$$,"3FA Cruz Bay Quarter, Cruz Bay, St. John 00830",Cruz Bay,18.3312863,-64.7946167,(340) 779-8550,https://www.theterracestjohn.com,,theterracestjohn,https://dynamic-media-cdn.tripadvisor.com/media/photo-o/15/43/32/51/the-terrace-restaurant.jpg,waterfront,,closed,17:00-21:00,17:00-21:00,17:00-21:00,17:00-21:00,17:00-21:00,closed
Joe's Bar & Grille,,"A family-run Italian and seafood restaurant in the Sunny Isle Annex on St. Croix's mid-island, serving homemade sauces, pasta, steaks, and local seafood since 2013.",St. Croix,Italian;Seafood,$$,"Suite 1, 4093 Estate Diamond Ruby, Christiansted, St. Croix 00820",Sunny Isle,17.7290492,-64.7498102,(340) 692-2020,,,JoesBarGrilleSt.Croix,https://dynamic-media-cdn.tripadvisor.com/media/photo-o/12/cd/e5/c0/view-to-bar.jpg,,,11:00-21:00,11:00-21:00,11:00-21:00,11:00-21:00,11:00-21:00,closed,closed
Coco Jim's Cafe,,"A casual open-air Caribbean cafe on Centerline Road between Cruz Bay and Coral Bay, known for lobster rolls, burgers, smoothies, and its owner's famously strong painkillers.",St. John,Caribbean;American,$$,"6D Estate Adrian, St. John 00831",Susannaberg,18.3407677,-64.7707772,(401) 651-1930,,,,https://saintjohnislandguide.com/wp-content/uploads/2022/12/Coco-Jims-Photo-6.jpg,outdoor-seating;takeout,,10:00-19:00,10:00-19:00,10:00-19:00,10:00-19:00,10:00-19:00,10:00-19:00,10:00-19:00
Hillside Terrace,,"A hillside local eatery above the Cruz Bay tennis courts, serving a daily-changing chalkboard menu of authentic Caribbean dishes like whelk, salt fish, and curried specialties, with a full bar and weekend DJ nights.",St. John,Caribbean;West Indian,$$,"Frank St, Cruz Bay, St. John 00830",Cruz Bay,18.3298356,-64.7938391,(340) 715-1036,,,https://www.facebook.com/HillsideTerraceVi/,https://itin-dev.wanderlogstatic.com/freeImage/MkSmaMxMXrCkcYUAwRcXymUd86V6LYar,outdoor-seating,,11:00-21:30,11:00-21:30,11:00-21:30,11:00-21:30,11:00-21:30,08:00-21:00,closed
Cheese & Bread,,"A gourmet grab-and-go deli on St. Croix's South Shore from longtime restaurateurs Frank and Katherine Pugliese, offering house-made breads, cured meats, gourmet cheeses, sandwiches, and a large wine selection with courtyard patio seating.",St. Croix,Deli;Cafe,$$,"6 Estate Petronella, South Shore, St. Croix 00820",Lowry Hill,17.7277175,-64.6677833,(340) 205-2004,https://www.chznbread.com,chznbread,,https://images.squarespace-cdn.com/content/v1/67855983dca1e416ba9ad1a4/71d0528d-9c5a-4322-b0b0-b18d53ba0d43/CheeseandBread2025_43.jpg,outdoor-seating;takeout,vegetarian,closed,10:00-18:00,10:00-18:00,10:00-18:00,10:00-18:00,10:00-18:00,closed
Love City BBQ & Grill,,"A vibrant yellow-painted roadside BBQ stand near the Cruz Bay car ferry, grilling ribs, jerk chicken, steak, and salmon with scratch-made sides until the food runs out each day.",St. John,BBQ;Caribbean,$,"307 Cruz Bay Quarters, Cruz Bay, St. John 00830",Cruz Bay,18.3312863,-64.7946167,(340) 715-5600,,,,https://itin-dev.wanderlogstatic.com/freeImage/qyEqlB65vQTCZ9mDtczCwQn6kZ7NAMM9,takeout,,closed,10:00-16:00,10:00-16:00,10:00-16:00,10:00-16:00,10:00-16:00,10:00-14:00
Amore Arowako Vegan Club,,"A cash-only, fully vegan indigenous-Caribbean food stand in Cruz Bay serving a rotating daily menu of stew chunks, plantains, veggie burgers, and fresh juice from a longtime vegan chef-owner.",St. John,Vegan;Caribbean,$,"14 Contant Point Rd, Cruz Bay, St. John 00830",Cruz Bay,18.3257007,-64.7920942,(510) 304-7788,,,https://www.facebook.com/aaveganclub/,https://images.happycow.net/venues/1024/29/48/hcmp294886_1973228.jpeg,takeout,vegan;vegetarian;gluten-free,12:00-17:30,12:00-17:30,12:00-17:30,12:00-17:30,12:00-17:30,closed,closed
Drifter's,,"A hilltop cafe on Centerline Road inside Virgin Islands National Park, at the former Colombo's site, serving breakfast plates, tropical smoothies, and craft cocktails with panoramic views 760 feet above Cruz Bay.",St. John,American;Cafe,$$,"71 Estate Carolina, Cruz Bay, St. John 00830",Cruz Bay,18.3513425,-64.7776381,,https://driftersonstj.com,driftersonstj,driftersonstj,https://driftersonstj.com/__l5e/assets-v1/9f61ec34-f914-43b4-967f-c853be0f6604/drifters-smoothie-toast.webp,outdoor-seating;parking,vegetarian;vegan;gluten-free,09:00-18:00,09:00-18:00,09:00-18:00,09:00-18:00,09:00-18:00,09:00-18:00,09:00-18:00
Downtown Sips,,"A coffee shop and wine bar in Cruz Bay serving specialty coffee, tea, wine by the glass, and baked goods and savories in a small streetside space near the ferry dock.",St. John,Cafe;Coffee Shop,$,"6-C 71 Cruz Bay Quarter, St. John 00830",Cruz Bay,18.3309819,-64.7942608,(340) 642-0077,https://downtownsipsvi.com,downtownsips,,https://downtownsipsvi.com/wp-content/uploads/2023/06/Girl-Carrying-Tray-of-Savories.jpg,takeout,,07:00-13:00,07:00-13:00,07:00-13:00,07:00-13:00,07:00-13:00,07:00-13:00,07:00-13:00
Sosa's Food Truck,,"A Dominican carryout food truck near the Enighed Pond car barge terminal in Cruz Bay, serving stewed goat, fall-off-the-bone chicken, and rice-and-beans plates from a covered outdoor dining area.",St. John,Caribbean;Latin American,$,"Enighed Pond Road, Cruz Bay, St. John 00830",Cruz Bay,18.3268399,-64.7936759,,,,,https://images.squarespace-cdn.com/content/v1/5b718f6f7e3c3aa2183affd8/1565113513628-7TI6E39A6EUIXS4899AX/sosas-food-truck-st-john-stewed-chicken.jpeg,takeout;outdoor-seating,,06:00-18:00,06:00-18:00,06:00-18:00,06:00-18:00,06:00-18:00,06:00-18:00,06:00-18:00
St. John Provisions,,"A female-owned grab-and-go bakery and coffee shop in Cruz Bay, opening early for house-made bagels, pastries, doughnuts, and breakfast sandwiches.",St. John,Bakery;Cafe,$,"259 Contant, Cruz Bay, St. John 00830",Cruz Bay,18.3257007,-64.7920942,(340) 690-4131,,stjprovisions,stjprovisions,https://images.happycow.net/venues/1024/45/37/hcmp453781_3321494.jpeg,takeout,vegetarian,06:00-13:00,06:00-13:00,06:00-13:00,06:00-13:00,06:00-13:00,06:00-13:00,closed
Little Olive,,"A Mediterranean street-food truck parked in the DMV lot across from the Cruz Bay firehouse, serving falafel sandwiches, chicken souvlaki, and Greek salads.",St. John,Mediterranean;Greek,$,"DMV Parking Lot, North Shore Road, Cruz Bay, St. John 00830",Cruz Bay,18.3306454,-64.7928305,(340) 727-8777,,,littleolivefoodtruck,https://artisticvillasusvi.com/wp-content/uploads/2025/02/little-olive.jpg,takeout,vegetarian,06:30-14:30,06:30-14:30,06:30-14:30,06:30-14:30,06:30-14:30,closed,closed
Giovanni Gelato & Coffee Shop,,"An artisan gelato and coffee counter inside Cruz Bay's Marketplace, pouring espresso drinks alongside daily-changing house-made gelato flavors.",St. John,Gelato;Cafe,$,"The Marketplace, 4A Estate Enighed, Cruz Bay, St. John 00830",Cruz Bay,18.3274610,-64.7913563,(340) 227-5496,,,,https://marketplacesuitesusvi.com/wp-content/uploads/2026/01/giovannis01.webp,,vegetarian,07:00-18:00,07:00-18:00,07:00-18:00,07:00-18:00,07:00-18:00,07:00-18:00,closed
Maho Crossroads,,"An eco-friendly, self-powered pop-up beach bar and food-truck village across from Maho Bay, serving fish tacos and lobster rolls from a converted VW bus alongside tiki cocktails.",St. John,Caribbean;American,$$,"North Shore Road, Maho Bay, St. John 00830",Maho Bay,18.3585646,-64.7473595,,https://www.mahocrossroads.com,mahocrossroads,mahocrossroads,https://cdn.prod.website-files.com/66a2a3b8abe5edf145121958/66aa522f3645b6e21cb0bd26__MG_2292.webp,outdoor-seating;takeout,,10:30-17:00,10:30-17:00,10:30-17:00,10:30-17:00,10:30-17:00,10:30-17:00,10:30-17:00
Lavalette's at Hotel 1829,,"A French-Caribbean fine-dining restaurant inside the historic Hotel 1829, serving ocean-view dinners on the island's oldest bar terrace with live jazz Friday and Monday nights.",St. Thomas,French;Caribbean,$$$,"30 Kongens Gade, Charlotte Amalie, St Thomas 00802",Charlotte Amalie,18.3422514,-64.9294498,(833) 843-1829,https://www.hotel1829vi.com/eatanddrink,,,https://static.wixstatic.com/media/d14552_9a9ef821e3154f2ca59ebf5fda44e749~mv2.jpg,outdoor-seating;live-music,,17:00-21:00,closed,closed,17:00-21:00,17:00-21:00,17:00-21:00,17:00-21:00
Rock City Tacos,,"A colorful taco stand tucked into Tillett Gardens' 'Teal Shack,' hand-pressing tortillas to order for beef, pork, chicken, and fish tacos alongside green and red sauce tamales.",St. Thomas,Mexican,$,"4126 Estate Anna's Retreat, Tillett Gardens, St. Thomas 00802",Anna's Retreat,18.3374829,-64.8885111,(340) 203-2900,,rockcitytacos,,https://bloximages.newyork1.vip.townnews.com/virginislandsdailynews.com/content/tncms/assets/v3/editorial/7/64/7647cb36-b021-11ef-b450-6b41e51165fc/674cc4a3a2c32.image.jpg,outdoor-seating;takeout,,12:00-21:00,12:00-21:00,12:00-21:00,12:00-21:00,12:00-21:00,12:00-21:00,12:00-21:00
Mystic Brew Coffee House & Apothecary,,"A full-service coffee shop and apothecary at Tillett Gardens, pouring specialty coffee, tea, and smoothies alongside baked goods and wellness products in a garden setting.",St. Thomas,Coffee Shop;Cafe,$,"4126 Anna's Retreat, Tillett Gardens, St. Thomas 00802",Anna's Retreat,18.3374829,-64.8885111,(340) 204-3009,,mysticbrewusvi,mysticbrewstt,https://bloximages.newyork1.vip.townnews.com/virginislandsdailynews.com/content/tncms/assets/v3/editorial/b/55/b553f296-b021-11ef-ba42-fb07f30497ce/674cc50d6c225.image.jpg,takeout,,08:00-15:00,08:00-15:00,08:00-15:00,08:00-15:00,08:00-15:00,09:00-15:00,closed
Ollie's at The Reef,,"A café, deli, and convenience stop next to The Reef Golf Course on St. Croix's East End, serving breakfast, hot and cold sandwiches, salads, pastries, and specialty coffee at shaded picnic tables.",St. Croix,Cafe;Deli,$,"22 Teague Bay, Christiansted, St. Croix 00820",East End,17.7539259,-64.6085485,(340) 249-0735,,,OlliesSt.Croix,https://s3-media0.fl.yelpcdn.com/bphoto/c1ATf99cVhILf5Dh4j12Hg/o.jpg,outdoor-seating;takeout,,07:00-15:00,07:00-15:00,07:00-15:00,07:00-15:00,07:00-15:00,07:00-15:00,07:00-15:00
Local Harvest Café,,"A farm-to-table breakfast and lunch café in La Grande Princesse, serving Crucian breakfast classics, bush tea, and plant-forward dishes made with ingredients from island farmers and fishermen.",St. Croix,Caribbean;Cafe,$,"45 K&L La Grande Princesse Drive, Christiansted, St. Croix 00820",La Grande Princesse,17.7568548,-64.7343109,(340) 208-2989,http://localharveststx.com,local_harvestcafe,,https://itin-dev.wanderlogstatic.com/freeImage/yEPebqs9yyBCowC3j4gfUIZJuHOKF9hu,takeout,vegetarian,08:00-13:00,08:00-13:00,closed,08:00-13:00,08:00-13:00,09:00-14:00,11:00-14:00
Thali Indian Grill,,"A family-owned Indian and Trinidad roti kiosk poolside at Yacht Haven Grande, serving authentic curries, biryani, and fresh local seafood since 2016.",St. Thomas,Indian;Caribbean,$$,"Kiosk 3, 5304 Yacht Haven Grande, St. Thomas 00802",Yacht Haven Grande,18.3356198,-64.9212098,(340) 642-4434,https://www.thaliindiangrill.com,thaliindiangrillstt,,https://www.thaliindiangrill.com/images/lobster-biryani.jpg,outdoor-seating,vegan;vegetarian,10:00-21:00,10:00-21:00,10:00-22:00,10:00-21:00,10:00-21:00,10:00-22:00,closed
Java Grande Coffee & Craft Cocktails,,"A daytime coffeehouse turned nighttime cocktail bar at Yacht Haven Grande, serving specialty coffee and pastries by day and handcrafted cocktails by night.",St. Thomas,American;Cafe,$$,"5316 Yacht Haven Grande, Building N, Suite 108, St. Thomas 00802",Yacht Haven Grande,18.3356198,-64.9212098,(340) 725-5956,https://javagrandevi.com,java.grande,,https://images.squarespace-cdn.com/content/v1/68b43bfe2edb5615a7607069/2ef17619-7d7b-4f68-a47e-28c4e0ba6c87/471570548_122132680508551058_8018945430970921888_n.jpg,,,06:30-21:00,06:30-21:00,06:30-21:00,06:30-00:00,06:30-00:00,07:00-00:00,08:00-21:00
Great Wall Restaurant,,"A longtime Chinese restaurant in Havensight Mall's Building 3, serving Southern Chinese-style dishes for lunch and dinner near the cruise ship dock.",St. Thomas,Chinese,$$,"9002 Havensight Mall, Building 3, Charlotte Amalie, St. Thomas 00802",Havensight,18.3326944,-64.9224021,(340) 776-3566,,,,https://www.myviapp.com/wp-content/uploads/2025/05/IMG_1334.png,,vegetarian,11:00-15:30,11:00-21:00,11:00-21:00,11:00-21:00,11:00-21:00,11:00-21:00,11:00-21:00
Delly Deck,,"A St. Thomas diner institution since 1976, serving breakfast and lunch counter-service classics steps from the Havensight cruise ship dock.",St. Thomas,American;Caribbean,$,"Havensight Mall, Building 3, Charlotte Amalie, St. Thomas 00802",Havensight,18.3326944,-64.9224021,(340) 776-9943,https://www.dellydeck.com,,,https://cdn.enprimeurclub.com/storage/v1/object/public/images/restaurants/e6b79cbc-2ce5-4198-b788-06ba495acdb2/hero1.jpg?width=3840&quality=75,outdoor-seating,,07:00-15:00,07:00-15:00,07:00-15:00,07:00-15:00,07:00-15:30,07:00-15:00,07:00-15:00
Scoops & Brew,,"A local creamery and coffee bar at Crown Bay Marina, serving hand-crafted gelato, sorbetto, and espresso drinks with waterfront outdoor seating.",St. Thomas,Cafe;Dessert,$,"8168 Crown Bay Marina, Charlotte Amalie West, St. Thomas 00802",Crown Bay,18.3341011,-64.9516363,(340) 690-2739,https://www.scoopsandbrew.com,scoops.brew,Scoops.Brew,https://s3-media0.fl.yelpcdn.com/bphoto/WNFNwYmfgCkCit_Lz8_J5w/o.jpg,waterfront;outdoor-seating,vegan,06:00-18:30,06:00-18:30,06:00-18:30,06:00-18:30,06:00-18:30,06:00-18:30,08:00-18:30
Crucian Coffee Club,,"A specialty coffee shop in Too Chez's courtyard in downtown Christiansted, serving premium coffee blends alongside homemade pastries and light bites.",St. Croix,Cafe;Coffee Shop,$,"41 Queen Cross Street, Christiansted, St. Croix 00820",Christiansted,17.7443982,-64.7026565,(340) 713-8888,,cruciancoffeeclub,,https://d99q583jcdsdn.cloudfront.net/1200x0/usvi/places/326503/6a91664960b34.jpg,takeout,,08:00-15:00,08:00-15:00,08:00-15:00,08:00-15:00,08:00-15:00,08:00-15:00,09:00-13:00
Beijing House,,"A takeout-focused Cantonese and seafood restaurant in the Sion Farm Shopping Center in mid-island St. Croix, a longtime local favorite for Chinese food.",St. Croix,Chinese,$,"4100 Sion Farm Shopping Center, Christiansted, St. Croix 00820",Sion Farm,17.7590107,-64.7407535,(340) 778-6368,https://beijinghousefood.com,,,https://s3-media0.fl.yelpcdn.com/bphoto/QD4xBHbnJxEuW0xY689FQA/o.jpg,takeout,,11:00-20:00,11:00-20:00,11:00-20:00,11:00-20:00,11:00-20:00,11:00-20:00,closed
Eat With Fred,,"The full-service restaurant and bar at The Fred, a beachfront boutique resort in Frederiksted, serving island contemporary breakfast, lunch, and dinner with Caribbean flair and ocean views.",St. Croix,American;Caribbean,$$$,"605 Strand Street, Frederiksted, St. Croix 00840",Frederiksted,17.7092573,-64.8832293,(340) 777-3733,https://www.eatwithfred.com,,,https://eatwithfred.com/media/677733_5132e5c69c8b48dd906628d468e58d61-mv2_jpeg/v1/fit/w_960-h_721-q_90/677733_5132e5c69c8b48dd906628d468e58d61-mv2.jpeg,waterfront;outdoor-seating,,08:00-22:00,08:00-22:00,08:00-22:00,08:00-22:00,08:00-22:00,10:00-22:00,10:00-22:00
Irie Pops,,"A dairy-free, gluten-free ice pop and soft-serve shop on North Shore Road in Cruz Bay, handcrafting island-inspired frozen treats, coffee, and boozy pops since 2016.",St. John,Dessert;Cafe,$,"North Shore Road, Cruz Bay, St. John 00830",Cruz Bay,18.3304863,-64.7929943,939-410-8389,https://www.iriepops.com,iriepopsvi,,https://images.squarespace-cdn.com/content/v1/679b9f858012a47403a77560/c1faa383-0a47-490a-bf29-d3876bcce74e/IriePops_2023-379.jpg,takeout,vegan;gluten-free,10:00-20:00,10:00-20:00,10:00-20:00,10:00-20:00,10:00-20:00,10:00-20:00,10:00-18:00
Jolly Roger's Restaurant & Pirate Bar,,"An open-air poolside restaurant and swim-up bar at the base of Blackbeard's Castle in Charlotte Amalie, serving island-inspired plates and cocktails with sweeping harbor views, no admission required to dine.",St. Thomas,Caribbean;American,$$,"1001 Blackbeard's Hill, Charlotte Amalie, St. Thomas 00802",Charlotte Amalie,18.3438608,-64.9295879,(340) 715-6199,https://blackbeardscastle.com/jolly-rogers/,jollyrogersstt,jollyrogersstt,https://blackbeardscastle.com/wp-content/uploads/2026/07/jolly-rogers-pool-swim-up-bar-tower.jpg,outdoor-seating,,09:00-21:00,09:00-21:00,09:00-21:00,09:00-21:00,09:00-21:00,09:00-21:00,09:00-21:00
The Tuck Shop Downtown,,"A family-owned Caribbean restaurant in a 300-year-old historic Back Street building in downtown Charlotte Amalie, known for stewed oxtail, curry goat, jerk chicken, and conch fritters.",St. Thomas,Caribbean,$$,"6A Wimmelskafts Gade, Charlotte Amalie, St. Thomas 00802",Charlotte Amalie,18.3411374,-64.9332069,(340) 779-9900,,thetuckshopdowntown,,https://s3-media0.fl.yelpcdn.com/bphoto/vFmkYN9w0bmsvMbLH0sTaw/l.jpg,takeout,,closed,11:00-17:00,11:00-17:00,11:00-17:00,11:00-21:00,11:00-21:00,10:00-15:00
Roti Master,,"A takeout-focused Trinidadian roti shop on Centerline Road near Frederiksted, run by Diane, known locally as the Roti Master, serving chicken, beef, goat, shrimp, and conch roti alongside Crucian pates, doubles, and oxtail specials.",St. Croix,Caribbean;West Indian,$,"5 Estate Mountain Prince Quarter, Frederiksted, St. Croix 00841",Frederiksted,17.6960149,-64.8791193,(340) 332-1808,,rotimasterusvi,rotimasterstx,https://www.uncommoncaribbean.com/wp-content/uploads/2022/03/Roti-Master-roti-1200x900.jpg,takeout,vegetarian,closed,12:00-19:00,12:00-19:00,12:00-19:00,12:00-19:00,12:00-19:00,12:00-19:00
Speedy Redemption,,"A counter-service vegan and vegetarian deli at Crown Bay Center near the St. Thomas cruise port, serving plant-based raw and cooked dishes like lentil burgers, walnut burgers, and green banana salad.",St. Thomas,Vegan;Deli,$,"Crown Bay Center, Building G, Unit 7, Charlotte Amalie, St. Thomas 00802",Crown Bay,18.3321998,-64.9550129,(340) 998-7132,,speedyredemp,speedyredemptionstthomas,https://images.happycow.net/venues/1024/14/52/hcmp145295_3819789.jpeg,takeout,vegan;vegetarian,07:00-20:30,07:00-20:30,07:00-20:30,07:00-20:30,07:00-17:00,07:00-13:00,closed
Tropical Ice Goddess,,"A locally owned artisan ice cream parlor in downtown Christiansted run by a Virgin Islands National Guard service member, serving handcrafted ice cream, vegan coconut-milk flavors, island-inspired sorbets, and adult alcohol-infused scoops.",St. Croix,Ice Cream;Dessert,$,"2220 Queen Cross Street, Christiansted, St. Croix 00820",Christiansted,17.7468252,-64.7049017,(340) 277-3725,,tropicalicegoddess,,https://www.uncommoncaribbean.com/wp-content/uploads/2026/08/Tropical-Ice-Goddess.jpg,takeout,vegan,12:00-19:00,12:00-19:00,12:00-20:00,12:00-21:00,12:00-22:00,12:00-22:00,12:00-20:00
China Fast Food,,"A food-court Chinese takeout counter in St. Thomas's Tutu Park Mall, serving quick Chinese-American dishes with both chopsticks and forks provided.",St. Thomas,Chinese;Fast Food,$,"4605 Tutu Park Mall, Food Court Unit 215, Anna's Retreat, St. Thomas 00802",Anna's Retreat,18.3384052,-64.8908793,(340) 775-6881,,,,https://s3-media0.fl.yelpcdn.com/bphoto/bSIUz8RRFLBPMQVl1jUKfQ/o.jpg,takeout,,10:00-19:00,10:00-19:00,10:00-19:00,10:00-19:00,10:00-19:00,10:00-19:00,closed
St. John Scoops,,"A homemade ice cream and waffle cone shop at the east end of Mongoose Junction in Cruz Bay, churning daily-changing local fruit flavors alongside rum-spiked ""adult"" scoops like Painkiller and rum raisin.",St. John,Ice Cream;Dessert,$,"Mongoose Junction, Cruz Bay, St. John 00830",Cruz Bay,18.3325244,-64.7921113,(340) 998-9998,https://stjohnscoops.myshopify.com,stjohnscoops,,https://dynamic-media-cdn.tripadvisor.com/media/photo-o/1b/04/c2/76/st-john-scoops.jpg?w=1200&h=1200&s=1,takeout,vegan;gluten-free,09:00-23:00,09:00-23:00,09:00-23:00,09:00-23:00,09:00-23:00,09:00-23:00,09:00-23:00
Our Market Smoothies,,"A tiny walk-up smoothie and fresh coconut stand next to the Cruz Bay post office, run by longtime owner Thomas, blending all-natural island fruit smoothies, milkshakes, and machete-opened chilled coconuts.",St. John,Smoothies;Juice Bar,$,"Vesta Gade, Cruz Bay, St. John 00831",Cruz Bay,18.3313636,-64.7942456,(340) 693-9160,,ourmarketsmoothies,,https://s3-media0.fl.yelpcdn.com/bphoto/7DLun6z9-psomR9Tu5uo0Q/o.jpg,takeout,vegan;vegetarian;gluten-free,08:00-21:00,08:00-21:00,08:00-21:00,08:00-21:00,08:00-21:00,08:00-21:00,08:00-21:00
Cafe De La Creme,,"A decades-old ice cream and gelato parlor in St. Croix's Sunny Isle Shopping Center, scooping over 30 house-made flavors alongside fresh brewed coffee, Liege waffles, shakes, baked goods, and grilled all-beef hot dogs.",St. Croix,Ice Cream;Dessert,$,"Sunny Isle Shopping Center, Christiansted, St. Croix 00820",Sunny Isle,17.7290492,-64.7498102,(340) 778-1811,https://www.cafedelacreme.com,,CafeDeLaCremeSTX,https://image.jimcdn.com/app/cms/image/transf/dimension=2048x2048:format=jpg/path/sae1b4a76d131a585/image/i490508ad0829e578/version/1575413984/image.jpg,takeout,vegetarian,11:00-19:00,11:00-19:00,11:00-19:00,11:00-19:00,11:00-19:00,11:00-19:00,13:00-18:00
Eden's Vegan Eatery,,"A plant-based Caribbean eatery in La Grande Princesse serving vegan mains, soups, salads, and fresh-made juices from local ingredients, with catering and meal prep available.",St. Croix,Vegan;Caribbean,$,"34D La Grande Princess, Christiansted, St. Croix 00820",La Grande Princesse,17.7568548,-64.7343109,(340) 773-3367,https://www.edensveganeatery.com,340edens,vivegan2020,https://static.wixstatic.com/media/08fb2e_f29bec92af09419090a4bfbbd83b6d03~mv2.jpg,takeout,vegan;vegetarian,11:00-17:00,11:00-17:00,11:00-17:00,11:00-17:00,11:00-17:00,closed,closed
UCA's Kitchen & Rastafarian Cultural Center,,"A vegan restaurant and Rastafarian cultural center on Frederiksted's Custom House Street near the cruise dock, serving daily-changing scratch-made dishes like BBQ tofu kebabs, callaloo with fungi polenta, and gooseberry stew amid Rastafarian art and history.",St. Croix,Vegan;Caribbean,$,"Custom House Street, Frederiksted, St. Croix 00840",Frederiksted,17.7146855,-64.8806055,(340) 772-5063,,ucakitchen_fsted,umojacaribbeanuni,https://itin-dev.wanderlogstatic.com/freeImage/QLKhWylVIOqliaoOnztnNS87THv3MCLJ,,vegan;vegetarian,closed,closed,13:00-18:00,13:00-18:00,13:00-18:00,13:00-18:00,13:00-18:00
Vegan-Haven Deli & Juice Bar,,"A vegan food truck on Centerline Road in Christiansted's Anna's Hope area, serving takeaway lunches like Rasta chicken, veggie burgers, scrambled tofu, and local juices with no on-site seating.",St. Croix,Vegan;Caribbean,$,"Centerline Road, Anna's Hope, Christiansted, St. Croix 00820",Anna's Hope,17.7223196,-64.7006322,(340) 473-6146,,,veganhavendeli,https://images.happycow.net/venues/1024/24/08/hcmp240854_1149653.jpeg,takeout,vegan;vegetarian,11:00-17:00,11:00-17:00,11:00-17:00,11:00-17:00,11:00-17:00,closed,closed
Martha's Deli,,"A longtime family-run breakfast counter in Watapana Mall on St. Croix's mid-island, serving traditional Crucian fare like saltfish, smoked herring, Johnny cakes, and banana fritters since 1983.",St. Croix,Caribbean;West Indian,$,"298 Peters Rest, Suite 1, Christiansted, St. Croix 00820",Peters Rest,17.7305291,-64.7370884,(340) 773-6054,,,marthasdelistx,https://chrisandchristiepowers.com/wp-content/uploads/2021/08/Martha-Delis-1080x675.png,takeout,,closed,07:30-12:00,07:30-12:00,07:30-12:00,07:30-12:00,07:30-12:00,closed
The Teaspot & Juice Lounge,,"A dairy-free, vegan juice and smoothie bar on Frederiksted's waterfront Strand Street, serving cold-pressed juices, smoothie bowls, handcrafted teas, and vegan waffles.",St. Croix,Vegan;Cafe,$,"36 Strand St, Frederiksted, St. Croix 00840",Frederiksted,17.7094512,-64.8829255,(786) 489-6516,,theteaspotnjuicelounge,,https://images.happycow.net/venues/1024/43/03/hcmp430367_3033298.jpeg,takeout;outdoor-seating,vegan,closed,08:30-15:00,08:30-15:00,08:30-15:00,08:30-15:00,08:30-15:00,closed
Sip Nibble & Nosh,,"A cozy retro breakfast bistro in the Sunny Isles Annex on St. Croix's mid-island, serving homemade pastries, biscuits and gravy, omelettes, and specialty coffee.",St. Croix,American;Cafe,$,"4093 Estate Diamond Ruby, Suite 2, Christiansted, St. Croix 00820",Sunny Isle,17.7290492,-64.7498102,(340) 692-2022,,,CupOJoeSTX,https://itin-dev.wanderlogstatic.com/freeImage/LKJg1sN19dm0JvLLZp8iJ60RNArU340c,takeout;outdoor-seating,,closed,closed,06:00-13:00,06:00-13:00,06:00-13:00,07:00-13:00,closed
Vinny's Food Cart & Catering,,"A cash-only roadside food cart in the Frydendahl area of St. Thomas, serving authentic West Indian favorites like jerk chicken, curry goat, oxtail stew, and brown stew chicken.",St. Thomas,Caribbean,$,"11B Frydendahl, St. Thomas 00802",Smith Bay,18.3481651,-64.8737265,(340) 998-3838,,,vinnysfoodcart,https://vinnys-food-cart-catering.res-pick.com/public/media/vinnys-food-cart-catering/24487-albums-1.jpg,takeout;outdoor-seating,,08:00-17:00,08:00-17:00,08:00-17:00,08:00-17:00,08:00-17:00,closed,closed
Picaso's Coffee Bar,,"A family-run coffee bar tucked near Margaritaville in Smith Bay, St. Thomas, known for candy-inspired flavored lattes, fresh quiches, breakfast sandwiches, and bagels.",St. Thomas,Cafe;Coffee & Tea,$,"6812 Estate Smith Bay, St. Thomas 00802",Smith Bay,18.320408,-64.850112,(340) 626-9412,,picassoscoffee,,https://dynamic-media-cdn.tripadvisor.com/media/photo-o/22/d1/10/7f/picaso-s-coffee-bar.jpg?w=1100&h=1100&s=1,takeout,vegetarian,07:00-23:00,07:00-23:00,07:00-23:00,07:00-23:00,07:00-23:00,07:00-23:00,08:00-23:00
Rouge Café,,"A café behind Rouge Duty Free in Christiansted serving specialty coffee, organic bush tea, smoothies, pastries, pates, sandwiches, beer, and wine.",St. Croix,Cafe;Coffee & Tea,$,"2124 Company St, Christiansted, St. Croix 00820",Christiansted,17.7448146,-64.7044436,(340) 725-2032,https://www.rougecafe.us,rougecafe.us,rougecafeus,https://s3-media0.fl.yelpcdn.com/bphoto/KfDZaNk6knav-3Qyrt-Dng/o.jpg,takeout;outdoor-seating,,08:00-15:00,08:00-15:00,08:00-15:00,08:00-15:00,08:00-15:00,08:30-14:00,08:30-14:00
Flavorful Delights 340,,"A food truck at the entrance to Concordia near Salt Pond on St. John's south shore, serving breakfast plates, island-style bites, dinner plates, and smoothies.",St. John,Caribbean;American,$,"14B Johns Folly, Entrance of Concordia, St. John 00830",Concordia,18.3169,-64.7024,(340) 514-2625,,flavorfuldelights340,,https://dynamic-media-cdn.tripadvisor.com/media/photo-o/32/09/e4/88/caption.jpg?w=1100&h=1100&s=1,takeout,,08:00-18:00,08:00-18:00,08:00-18:00,08:00-18:00,08:00-18:00,08:00-18:00,08:00-18:00
Kween Vee Smoothies,,"A smoothie and shaved ice stand at Nazareth Ball Park near Red Hook, St. Thomas, known for fresh fruit smoothies customized with sea moss, collagen, chia, and flax add-ins.",St. Thomas,Juice Bar;Smoothies,$,"Estate Nazareth Ball Park, Red Hook, St. Thomas 00802",Red Hook,18.3261,-64.8518,(340) 474-5472,,veesmoothies,VeeSmoothies,https://dynamic-media-cdn.tripadvisor.com/media/photo-o/30/fc/f4/fc/cookies-and-cream.jpg?w=1100&h=1100&s=1,outdoor-seating;takeout,vegetarian;vegan,07:00-17:00,07:00-17:00,07:00-17:00,07:00-17:00,07:00-17:00,08:00-17:00,closed
An Hour Late,,"A small family-owned breakfast bar and deli at Compass Point Marina on St. Thomas's east end, serving hearty breakfast bowls, build-your-own breakfast sandwiches, and deli subs.",St. Thomas,American;Deli,$,"41-6-1 Estate Frydenhoj, Unit D1A, Compass Point Marina, St. Thomas 00802",Compass Point,18.3221904,-64.8686195,(340) 474-0567,,,AnHourLateBreakfastBarDeli,https://s3-media0.fl.yelpcdn.com/bphoto/i8kshNjgIEfpTxRdSLHYZw/o.jpg,takeout,gluten-free;vegan,07:00-14:00,07:00-14:00,07:00-14:00,07:00-14:00,07:00-14:00,07:00-14:00,07:00-14:00
Nachos Bakery And Deli,,"A downtown Frederiksted institution on King Street since the early 2010s, baking fresh Crucian pastries, TT bread, guava and coconut turnovers, and breakfast sandwiches every morning.",St. Croix,Bakery;Deli,$,"21 King Street, Frederiksted, St. Croix 00840",Frederiksted,17.7115511,-64.8825004,(340) 719-0488,,,,https://s3-media0.fl.yelpcdn.com/bphoto/4dvCmy0n_tc7g3aqdZ2mIg/1000s.jpg,takeout,,05:45-18:00,05:45-18:00,05:45-18:00,05:45-18:00,05:45-18:00,05:45-17:00,05:45-13:00
In the Mix Cakery & Cafe,,"A family, minority, and women-owned custom cake and dessert shop in Peter's Rest, known for island-inspired cake jars and slices, custom cakes, and butter cookies.",St. Croix,Bakery;Dessert,$$,"297 Peters Rest, Suites 4 & 5, Christiansted, St. Croix 00820",Peters Rest,17.7305291,-64.7370884,(340) 778-6499,https://www.inthemixfix.com,inthemixvi,InTheMixVI,"https://static.wixstatic.com/media/9f4e8d_2f550da392c94c1e9c001c76ac5995fe~mv2.jpg",takeout,,closed,11:00-19:00,11:00-19:00,11:00-19:00,11:00-19:00,11:00-19:00,closed
Pizza Amore,,"St. Thomas's original pizzeria at Al Cohen's Mall in Havensight, serving big New York-style pies and slices to locals and cruise visitors since 1988.",St. Thomas,Pizza;Italian,$,"9718 Estate Thomas, Al Cohen's Mall, Charlotte Amalie East, St. Thomas 00802",Havensight,18.3326944,-64.9224021,(340) 774-2822,https://www.pizzaamorestthomasvi.com,,PizzaAmoreVI,https://s3-media0.fl.yelpcdn.com/bphoto/xlR8xUyo85i6UtBY1upZBQ/l.jpg,takeout,,11:00-18:30,11:00-18:30,11:00-18:30,11:00-18:30,11:00-19:30,11:00-19:30,closed
Junie's Bar & Restaurant,,"One of the last authentic Crucian restaurants on St. Croix, run by Ms. Junie in Peter's Rest since the 1970s, serving traditional local fare like boiled fish, stewed goat, oxtail, and conch.",St. Croix,Caribbean;West Indian,$,"132 Peters Rest, Christiansted, St. Croix 00820",Peters Rest,17.7305291,-64.7370884,(340) 773-2801,,,,https://s3-media0.fl.yelpcdn.com/bphoto/ECMXfBw9PztTiEpOjVUwrQ/l.jpg,,,11:30-21:00,11:30-21:00,11:30-21:00,11:30-21:00,11:30-21:00,11:30-21:00,closed
Broken Plate,,"A locally owned neighborhood diner in Nisky Center serving breakfast and lunch with a Mediterranean twist, from pistachio-crusted French toast to chicken shawarma and mezze platters.",St. Thomas,American;Mediterranean;Breakfast & Brunch,$,"8000 Nisky Center, Unit 11, Charlotte Amalie West, St. Thomas 00802",Nisky,18.3363550,-64.9533269,(340) 715-5945,https://brokenplatevi.com,brokenplatevi,,https://s3-media0.fl.yelpcdn.com/bphoto/NrH2IF_AJXqa7oqJbXjg-A/l.jpg,,,08:00-16:00,08:00-16:00,08:00-16:00,08:00-16:00,08:00-16:00,closed,closed
Bonita's Cantina,,"A cozy, locally owned Mexican kitchen in Nisky Center known for build-your-own tacos, vegetarian and vegan-friendly plates, and a daily $5 happy hour on margaritas.",St. Thomas,Mexican,$$,"8000 Nisky Center, Suite 12, Charlotte Amalie West, St. Thomas 00802",Nisky,18.3363550,-64.9533269,(340) 774-0066,https://bonitascantinastt.com,cantinabonitas,,https://dynamic-media-cdn.tripadvisor.com/media/photo-o/1d/1b/51/97/bonita-s-cantina.jpg?w=1100&h=1100&s=1,,vegetarian;vegan,12:00-20:00,12:00-20:00,12:00-20:00,12:00-20:00,12:00-20:00,closed,closed
Wok Express,,A quick-service Chinese takeout counter in Nisky Center serving hearty combo boxes and classic Cantonese-American dishes since before the 2017 hurricanes.,St. Thomas,Chinese,$,"8000 Nisky Center, Suite 211, Charlotte Amalie West, St. Thomas 00802",Nisky,18.3363550,-64.9533269,(340) 774-2111,,,,https://s3-media0.fl.yelpcdn.com/bphoto/YXEXBVNdM788Y6bvS5f_iA/l.jpg,takeout,,09:30-21:30,09:30-21:30,09:30-21:30,09:30-21:30,09:30-21:30,09:30-21:30,09:30-21:00
Senor Pizza,,"A Red Hook pizza institution voted best in St. Thomas by Zagat, Frommers, Tripadvisor, and Yelp, known for big, oversized cheesy pies and island-wide delivery.",St. Thomas,Pizza,$$,"6501 Red Hook Plaza, Suite 61, St. Thomas 00802",Red Hook,18.3259133,-64.8522654,(340) 775-3030,https://senorpizzausvi.com,,SenorPizzaUSVI,https://s3-media0.fl.yelpcdn.com/bphoto/NZhHAaT4LtJ0lxvp2iVKyA/o.jpg,takeout,,11:00-21:00,11:00-21:00,11:00-21:00,11:00-21:00,11:00-21:00,11:00-21:00,11:00-21:00
Sandy Sweetz,,"A modern donut boutique and bakery cafe on St. Croix's Northshore Road in La Grande Princesse, serving fresh pastries, donuts, and coffee.",St. Croix,Cafe;Bakery;Donuts,$,"1001 Northshore Rd, Christiansted, St. Croix 00820",La Grande Princesse,17.7568548,-64.7343109,(340) 514-1057,,sandysweetz2,,https://s3-media0.fl.yelpcdn.com/bphoto/XG2unmPLT8vtEYbPWCTpqA/o.jpg,takeout,,07:00-18:00,07:00-18:00,07:00-18:00,07:00-18:00,07:00-18:00,07:00-15:00,closed
Maritza's Restaurant,,"A family-run counter-serve restaurant in Nisky Center since 1998, serving Dominican and Latin comfort food alongside classic Mexican dishes.",St. Thomas,Dominican;Mexican,$,"8000 Nisky Center, Suite 9, Charlotte Amalie West, St. Thomas 00802",Nisky,18.3363550,-64.9533269,(340) 777-5178,,,,https://s3-media0.fl.yelpcdn.com/bphoto/tY9r0rfMU9OxGJj2c68ClA/o.jpg,takeout,,09:00-17:00,09:00-17:00,09:00-17:00,09:00-17:00,09:00-17:00,09:00-16:00,closed
Mi Casita Restaurant,,"A highly rated Dominican and Spanish restaurant tucked in Altona near Lindbergh Bay, known for mofongo, seafood, and hearty daily specials.",St. Thomas,Dominican;Spanish;Caribbean,$$,"214 B Welgunst, Altona, Charlotte Amalie, St. Thomas 00802",Altona,18.3387416,-64.9469199,(340) 777-9459,https://jebatell.wixsite.com/micasitasanthomas,,,https://s3-media0.fl.yelpcdn.com/bphoto/KR9m3smOB1T4TWk_ADgncA/l.jpg,,,08:00-21:00,08:00-21:00,08:00-21:00,08:00-21:00,08:00-21:00,08:00-21:00,closed
Napoleon's Pizza,,"A family-run, homemade pizza-by-the-slice shop at Peter's Rest reheating fresh brick-oven pies all day, plus stromboli and homemade cheesecake.",St. Croix,Pizza;Italian,$,"#7 B.K.O. Peter's Rest, Christiansted, St. Croix 00821",Peters Rest,17.7302598,-64.7379872,(340) 713-9955,https://www.napoleonspizzas.com,,,"https://dynamic-media-cdn.tripadvisor.com/media/photo-o/08/59/6a/2d/napoleon-s-pizza.jpg?w=1200&h=1200&s=1",takeout,,11:00-20:00,11:00-20:00,11:00-20:00,11:00-20:00,11:00-21:00,11:00-21:00,12:00-20:00
Yum Yum Fast Food,,"A busy downtown Christiansted fast-food counter near the cruise pier serving fried chicken, wings, burgers, and West Indian sides late into the night.",St. Croix,Fast Food;Caribbean;American,$,"19 West St, Christiansted, St. Croix 00820",Christiansted,17.7253756,-64.7333688,(340) 719-7585,,,,https://s3-media0.fl.yelpcdn.com/bphoto/HgOeexJgfIa9v3tWvee6MQ/o.jpg,takeout,,11:00-00:00,11:00-00:00,11:00-00:00,11:00-00:00,11:00-00:00,11:00-00:00,11:30-00:00
E&D,,"A West End Frederiksted takeout counter serving Crucian specialties like stew goat, fried mahi and chips, and Friday bullfoot soup.",St. Croix,Caribbean;West Indian,$,"2 Williams Road, Frederiksted, St. Croix 00840",Frederiksted,17.7113114,-64.8306089,(340) 772-3894,,,,https://s3-media0.fl.yelpcdn.com/bphoto/bxrUZAcOc_kUt3lyyi9RoQ/o.jpg,takeout,,08:00-20:00,08:00-20:00,08:00-20:00,08:00-20:00,08:00-20:00,08:00-20:00,closed
La Olla de Doña Norma,,"A small, home-style Frederiksted takeout spot serving authentic Puerto Rican and Crucian dishes like stew beef, roast pork, and empanadas.",St. Croix,Puerto Rican;Caribbean;Latin American,$,"25 Concordia Rd, Frederiksted, St. Croix 00840",Frederiksted,17.6996892,-64.8678681,(340) 201-7972,,,,"https://dynamic-media-cdn.tripadvisor.com/media/photo-o/1a/85/51/0e/dining-area.jpg?w=1200&h=-1&s=1",takeout,,closed,closed,11:00-17:00,11:00-17:00,11:00-17:00,11:00-17:00,closed
Ital DubShop,,"A vegan Ital food kiosk at Yacht Haven Grande marina, carrying on founder Ras Nashamba-I's legacy of Rastafarian-rooted, alkaline-water-cooked plant-based cooking.",St. Thomas,Vegan;Caribbean,$,"5304 Yacht Haven Grande, Ste 100, St. Thomas 00802",Yacht Haven Grande,18.3356198,-64.9212098,(340) 642-9187,,,Italdubshop,https://s3-media0.fl.yelpcdn.com/bphoto/cFeiPvBR7d4AdDNbqi7OBg/o.jpg,,vegan;vegetarian,12:00-17:00,12:00-17:00,12:00-17:00,12:00-17:00,12:00-17:00,12:00-17:00,closed
758 Bar & Restaurant,,"A downtown Charlotte Amalie bar and restaurant inside the historic Grand Hotel building on Norre Gade, serving Caribbean and American comfort food with late-night hours and live DJ nights.",St. Thomas,Caribbean;American,$$,"43-46 Norre Gade, Charlotte Amalie, St. Thomas 00802",Charlotte Amalie,18.3415964,-64.9302088,(340) 514-3104,https://758bar.com,758barandrestaurant,758barVI,https://i0.wp.com/758bar.com/wp-content/uploads/2023/02/IMG_8106-Large.jpeg,outdoor-seating,,07:00-01:00,07:00-01:00,07:00-01:00,07:00-01:00,07:00-01:00,07:00-01:00,08:00-22:00
El Flamboyant Bar & Restaurant,,"A family-run Puerto Rican and Caribbean restaurant perched on a hillside in Clifton Hill, serving mofongo, carne frita, and stew chicken with sweeping south-shore views.",St. Croix,Puerto Rican;Caribbean,$$,"Rt. 663, Clifton Hill, Kingshill, St. Croix 00850",Clifton Hill,17.7227467,-64.7751225,(340) 779-3285,,,,https://www.myviapp.com/wp-content/uploads/2024/08/20191213_120244-768x373-1.jpg,outdoor-seating,,closed,11:30-18:00,11:30-21:00,11:30-21:00,11:30-21:00,11:30-21:00,closed
Charlo's Cuisine,,"A husband-and-wife-run roadside food truck just before the entrance to Magens Bay, beloved for hearty jerk chicken, curry goat, and beef pate served with rice and beans.",St. Thomas,Caribbean;Barbecue,$,"Rte 35, St. Thomas 00802",Magens Bay,18.3640359,-64.9224453,(340) 642-8473,,,,https://s3-media0.fl.yelpcdn.com/bphoto/0EcS8gBdzPch-UqR_jEiUQ/l.jpg,takeout;outdoor-seating,,09:00-18:00,09:00-18:00,09:00-18:00,09:00-18:00,09:00-18:00,09:00-18:00,09:00-18:00
Sorbetiere,,"A Peter's Rest ice cream and sorbet shop churning out island-flavored scoops like soursop, tamarind, gooseberry, and non-dairy coconut alongside classic flavors.",St. Croix,Ice Cream;Dessert,$,"4449 Peter's Rest, Suite 3, Christiansted, St. Croix 00820",Peter's Rest,17.7305291,-64.7370884,(340) 513-0648,,,SorbetiereVI,https://s3-media0.fl.yelpcdn.com/bphoto/RMy9zupioYEiAFW1eJXpyQ/o.jpg,takeout,,12:00-19:00,12:00-19:00,12:00-19:00,12:00-19:00,12:00-20:00,12:00-20:00,12:00-19:00
Sunny Days Ice Cream,,"A Red Hook ice cream and dessert shop serving scoops, waffle cones, sundaes, boozy and virgin milkshakes, and fresh-baked brownies and cakes.",St. Thomas,Ice Cream;Dessert,$,"6100 Red Hook Quarters C2-5, St. Thomas 00802",Red Hook,18.3260810,-64.8517592,,,sunnydaysicecream,SUNNY.DAYS.ICE.CREAM.USVI,https://s3-media0.fl.yelpcdn.com/bphoto/R2Xv7VQEmEm4XiyqmRIOAg/o.jpg,takeout,,11:00-22:00,11:00-22:00,11:00-22:00,11:00-22:00,11:00-23:00,11:00-23:00,11:00-23:00
Creamy Crepes,,"A Smith Bay dessert stand marked by an oversized ice cream cone sign, serving customizable crepes, ice cream, and sundaes.",St. Thomas,Ice Cream;Dessert,$,"6200 Smith Bay Rd, Suite 1A, St. Thomas 00802",Smith Bay,18.3420244,-64.8648430,(340) 643-1698,,,,https://s3-media0.fl.yelpcdn.com/bphoto/WbKMeg51Ox0tcljpEBxTXg/o.jpg,takeout,,12:00-00:00,12:00-00:00,12:00-00:00,12:00-00:00,12:00-00:00,12:00-00:00,12:00-00:00
Roti Palace,,"A hole-in-the-wall Trinidadian roti shop in a weathered green cottage on Dronningens Gade in Charlotte Amalie, hand-making dhalpuri roti wrapped around curried chicken, goat, shrimp, or vegetables fresh daily.",St. Thomas,Trinidadian;Caribbean,$,"1621 Dronningens Gade, Suite 65A, Charlotte Amalie, St. Thomas 00802",Charlotte Amalie,18.3427694,-64.9256741,(340) 774-3099,,,Roti-Palace-100057526326529,https://itin-dev.wanderlogstatic.com/freeImage/rgObL2HcA8TxCCjLsAMtlvrzQabvBrQO,takeout;outdoor-seating,vegetarian,closed,11:00-18:00,11:00-18:00,11:00-18:00,11:00-18:00,11:00-20:00,closed
Sunny Shore Up,,"A bright yellow breakfast food truck parked across from Cane Bay Beach on St. Croix's North Shore, serving espresso drinks, breakfast burritos with guava hot sauce, bagels, pastries, and spiked coffees at a handful of beachside tables.",St. Croix,Cafe;American;Breakfast,$,"110C Cane Bay, Christiansted, St. Croix 00820",Cane Bay,17.7715166,-64.8100189,(340) 725-2080,,sunnyshoreupfoodtruck,sunnyshoreup,https://itin-dev.wanderlogstatic.com/freeImage/L57WAbdxhSRkxG8uyaCGjgu7MFxQjBrk,waterfront;outdoor-seating;takeout,vegan;vegetarian,closed,08:00-12:00,closed,08:00-12:00,closed,08:00-12:00,08:00-12:00
Bernie's Bar & Grill,,"A no-frills Red Hook sports bar and grill known for big hand-pattied burgers, breakfast tacos, cold PBR tallboys, and a long happy hour, with game-day screens and a lively late-night local crowd.",St. Thomas,American;Bar & Grill,$,"6100 Red Hook Quarters #2 B2-7, St. Thomas 00802",Red Hook,18.3260810,-64.8517592,(340) 201-5603,,berniesusvi,berniesusvi,https://www.myviapp.com/wp-content/uploads/2025/01/bernie-s-bar-and-grill.jpg,outdoor-seating;live-music,vegetarian,09:00-00:00,09:00-00:00,09:00-00:00,09:00-00:00,09:00-00:00,09:00-00:00,09:00-00:00
The Meat Up,,"A family-run mid-island bar and grill next to Caribbean Cinemas at Market Square East, serving classic American plates with an island flair like smoked meats, burgers, wings, and locally caught seafood, with karaoke nights and an attached gaming room.",St. Thomas,American;Barbecue,$$,"4406 Weymouth Rhymer Hwy, Market Square East, St. Thomas 00802",Estate Thomas,18.3363871,-64.9026768,(340) 774-6328,https://themeatupvi.com,,TheMeatUpUSVI,https://viconsortium.nyc3.cdn.digitaloceanspaces.com/uploads/archive/bdcf29d6abd4e651dd34045d936cab26a40b5a3b3d2221f543019c18c76dc047.jpg,outdoor-seating;takeout,vegetarian,closed,11:00-22:00,11:00-22:00,11:00-23:00,11:00-23:00,11:00-23:00,11:00-22:00
Caribbean Fusion,,"An open-air restaurant and bar on the sand at Emerald Beach Resort's Lindbergh Bay, serving authentic Caribbean cuisine from local seafood, meats, and produce alongside tacos, burgers, and 12-inch pizzas with panoramic ocean views.",St. Thomas,Caribbean;American,$$,"8070 Lindbergh Bay, St. Thomas 00802",Lindbergh Bay,18.3352950,-64.9635936,(340) 777-8800,https://www.emeraldbeach.com/dining/caribbean-fusion,,caribbeanfusionandthebeachbar,https://s3-media0.fl.yelpcdn.com/bphoto/Q3ccF0r-zgaWsR0RPylifA/o.jpg,waterfront;outdoor-seating,vegetarian,07:00-22:00,07:00-22:00,07:00-22:00,07:00-22:00,07:00-22:00,07:00-22:00,07:00-22:00
Emerald Cafe,,"A grab-and-go coffee counter at Emerald Beach Resort on Lindbergh Bay, serving espresso drinks, smoothies, and breakfast items with shaded outdoor seating for travelers heading to the nearby airport.",St. Thomas,Cafe;American;Breakfast,$,"8070 Lindbergh Bay, St. Thomas 00802",Lindbergh Bay,18.3352950,-64.9635936,(340) 777-8800,https://www.emeraldbeach.com/dining/emerald-cafe,,,https://s3-media0.fl.yelpcdn.com/bphoto/fJFDE1vCGllFlw0Qu-TtKw/o.jpg,outdoor-seating,,06:00-15:00,06:00-15:00,06:00-15:00,06:00-15:00,06:00-15:00,06:00-15:00,06:00-15:00
Angel Charms Sports Bar & Restaurant,,"A lively mid-island sports bar near the Estate Whim Sugar Mill blending Caribbean staples like grilled snapper and pepper shrimp with Chinese-influenced dishes from a Trinidadian chef, with big-screen sports and a welcoming local crowd.",St. Croix,Caribbean;Chinese;Bar & Grill,$$,"27 Whim, Kingshill, St. Croix 00840",Whim,17.6995398,-64.8606602,(340) 719-0006,,,,https://itin-dev.wanderlogstatic.com/freeImage/03UbLximYhnQdg4ObETeTOLliqDUw2fD,takeout,,11:00-00:00,11:00-00:00,11:00-00:00,11:00-23:59,11:00-00:00,09:00-00:00,09:00-00:00
Harbour Prime,,"An upscale steak and seafood restaurant on the Christiansted boardwalk at the King Christian Hotel, known for fresh local lobster and conch, prime cuts, and a lively weekend brunch with harbor views.",St. Croix,Steakhouse;Seafood,$$$,"1102 King's Wharf, Christiansted, St. Croix 00820",Christiansted,17.7471341,-64.7033898,(340) 208-3918,,harbourprimestx,Harbour Prime STX,https://dynamic-media-cdn.tripadvisor.com/media/photo-o/2e/ad/36/47/stx.jpg?w=1200&h=1200&s=1,waterfront;outdoor-seating,,17:00-22:00,17:00-22:00,17:00-22:00,17:00-22:00,17:00-22:00,09:00-22:00,09:00-20:00
Butter,,"A New Orleans-inspired Cajun and Creole restaurant and bar at Club St. Croix in Golden Rock, known for seafood boils, po'boys, and its famous Bananas Foster sauce, with waterfront pool views.",St. Croix,Cajun;Creole;Seafood,$$,"3280 Estate Golden Rock, Christiansted, St. Croix 00820",Golden Rock,17.7522382,-64.7196828,(340) 693-6006,https://butterstx.com,,ButTer Resto + Bar,https://dynamic-media-cdn.tripadvisor.com/media/photo-o/31/c1/2a/bb/caption.jpg?w=1100&h=1100&s=1,waterfront,vegetarian;vegan,14:00-21:00,14:00-21:00,closed,14:00-21:00,14:00-21:00,14:00-21:00,10:00-15:00
Upstairs Bar & Grille,,"A sports bar and Caribbean-American kitchen above The Longboard in downtown Cruz Bay, opened in 2023 by the owners of the Windmill Bar, serving Chef Jack's smash burgers, taquitos, and nachos alongside karaoke and bingo nights.",St. John,American;Caribbean;Bar & Grill,$$,"71 Vester Gade, Cruz Bay, St. John, USVI 00830",Cruz Bay,18.3303072,-64.7947293,(912) 657-2564,https://upstairsvi.com,,,https://upstairsvi.com/assets/bar-interior-lty2M2dT.jpg,,,closed,15:00-22:00,15:00-22:00,15:00-22:00,15:00-22:00,15:00-22:00,15:00-22:00
Snorkel's Bar & Grill,,"A beachfront bar and grill at the Westin St. John Resort Villas in Great Cruz Bay, distinct from the resort's Lemongrass and Mango Deli, serving Caribbean-infused tacos, burgers, and salads under palm trees steps from the sand.",St. John,American;Caribbean,$$,"300B Chocolate Hole, Cruz Bay, St. John 00831",Chocolate Hole,18.315788,-64.7848604,(340) 693-8000,,,,https://s3-media0.fl.yelpcdn.com/bphoto/DpkOIslmHOmQumcdogo7bA/o.jpg,waterfront;outdoor-seating,vegetarian;gluten-free,11:00-18:00,11:00-18:00,11:00-18:00,11:00-18:00,11:00-18:00,11:00-18:00,11:00-18:00
The Tuck Shop Bovoni,,"A Caribbean deli tucked behind Reuse Emporium in Bovoni, serving hearty breakfast plates, stewed oxtail, curry roti, sandwiches and wraps alongside a full bar.",St. Thomas,Caribbean;Deli,$$,"Bovoni Road, Estate Bovoni, St. Thomas 00802",Bovoni,18.3175256,-64.886424,(340) 725-8686,,,,https://itin-dev.wanderlogstatic.com/freeImage/JsqN4ihf5FPkYG2wElPgKl0Zmgr8CSOr,takeout,,07:00-17:30,07:00-17:30,07:00-17:30,07:00-17:30,07:00-23:00,07:00-17:30,closed
Lake's Chicken Fry,,"A no-frills local institution since 1976 serving fried chicken and fries with a full bar in Smith Bay, known for cheap, generous portions and a loyal local following.",St. Thomas,Caribbean;Fast Food,$,"6632 Smith Bay, Suite 1, St. Thomas 00802",Smith Bay,18.3420244,-64.864843,(340) 775-1977,https://www.lakeschickenfryvi.com,lakeschickenfry,,https://s3-media0.fl.yelpcdn.com/bphoto/Ifa-yma1CqM-7eMC3AV1IQ/o.jpg,takeout,,10:00-23:00,10:00-23:00,10:00-23:00,10:00-23:00,10:00-23:00,10:00-00:00,10:00-23:00
Chef John's Wingz Gone Wild,,"A counter-service wing shop at Petrus Plaza Waterfront in Frenchtown, known for specialty wing flavors like mango habanero alongside burgers, wraps and salads.",St. Thomas,American,$,"47E Kronprindsens Gade, Petrus Plaza Waterfront, Charlotte Amalie, St. Thomas 00802",Frenchtown,18.340993,-64.936382,(340) 779-9464,https://chefjohnvi.com,,,https://s3-media0.fl.yelpcdn.com/bphoto/WxCpGkyecSL6NgbPdbHUBg/o.jpg,takeout,,11:30-21:00,11:30-21:00,11:30-21:00,11:30-21:00,11:30-21:00,11:30-21:00,12:00-18:00
Wings on Fire,,"A Middle Eastern counter-service spot near Wheatley Center serving halal shawarma, gyros, kabobs and wings made fresh to order.",St. Thomas,Middle Eastern,$,"Wheatley Center, Route 38, Charlotte Amalie, St. Thomas 00802",Charlotte Amalie,18.3380735,-64.9145007,(340) 727-0890,,,wingsonfirevi,https://s3-media0.fl.yelpcdn.com/bphoto/NImYUADhxVD7E01kl9qO0A/o.jpg,takeout,,10:00-20:00,10:00-20:00,10:00-20:00,10:00-20:00,10:00-20:00,10:00-20:00,closed
Burger Maxx,,"A late-night burger and wings counter on Kronprindsens Gade in downtown Charlotte Amalie, known for house-made patties, loaded fries, and a full bar that stays open into the early morning on weekends.",St. Thomas,American,$,"78 Kronprindsens Gade, Charlotte Amalie, St. Thomas 00802",Charlotte Amalie,18.3409930,-64.9363820,(340) 244-4192,,burgermaxx,burgermaxx,https://s3-media0.fl.yelpcdn.com/bphoto/CcPR1XQqvopfGd47GKySDg/o.jpg,outdoor-seating,vegan,closed,11:00-18:00,11:00-18:00,11:00-18:00,11:00-02:00,18:00-02:00,closed
House of Pastries & Deli,,"A second-generation family bakery near Market Square in downtown Charlotte Amalie, baking Caribbean and American pastries from scratch for over 40 years, known for dumb bread, goat water, and fresh danishes.",St. Thomas,Bakery;Deli,$,"5507 Curacao Gade, Ste 1, Charlotte Amalie, St. Thomas 00802",Charlotte Amalie,18.3413770,-64.9347764,(340) 776-5145,,houseofpastries.vi,HouseofpastriesVI,https://s3-media0.fl.yelpcdn.com/bphoto/zm2GtFe0X2UVaXjWt0NyTQ/o.jpg,takeout,,06:00-15:00,06:00-15:00,06:00-15:00,06:00-15:00,06:00-15:00,06:00-15:00,closed
Centeno's Cruzan Cuisine,,"A local Puerto Rican lunch counter in Diamond Ruby near Sunny Isle, a longtime St. Croix favorite for roast pork, rice and beans, and hearty Cruzan-Latin plates.",St. Croix,Puerto Rican;Caribbean,$,"1AD Estate Diamond Ruby, Christiansted, St. Croix 00820",Sunny Isle,17.7290492,-64.7498102,(340) 773-6950,,,,https://s3-media0.fl.yelpcdn.com/bphoto/cuZ0m1kbMYMl9G-2yYOLjw/o.jpg,takeout,,10:30-18:30,10:30-18:30,10:30-18:30,10:30-18:30,10:30-18:30,10:30-18:30,closed
Karen's Place,,"A tiny takeout counter near Fort Christian in downtown Charlotte Amalie serving daily-changing Caribbean home cooking like oxtail, stew chicken, and johnnycakes, with porch-only seating.",St. Thomas,Caribbean;West Indian,$,"Hospital Gade, Charlotte Amalie, St. Thomas 00802",Charlotte Amalie,18.3411341,-64.9280766,(340) 774-3991,,,,https://s3-media0.fl.yelpcdn.com/bphoto/zcpfP2QDENR454pHWwKU3g/o.jpg,takeout,,07:30-17:00,07:30-17:00,07:30-17:00,07:30-17:00,07:30-17:00,07:30-17:00,closed
Island Grind Main Street,,"A downtown Charlotte Amalie coffee shop on Dronningens Gade serving specialty coffee, tea, and fresh-baked pastries and wraps in a bright, relaxed space, a sister location to the original at Cyril E. King Airport.",St. Thomas,Cafe;Coffee Shop,$,"5186 Dronningens Gade, Charlotte Amalie, St. Thomas 00802",Charlotte Amalie,18.3420564,-64.9314956,(786) 218-6815,https://www.islandgrindvi.com,islandgrindvi,islandgrindvi,https://www.islandgrindvi.com/wp-content/uploads/2026/01/main-street-1.jpg,takeout,gluten-free,08:30-17:00,08:30-17:00,08:30-17:00,08:30-17:00,08:30-17:00,08:30-17:00,08:30-13:00
Lime View Bar & Restaurant,,"A local bar and restaurant at Barren Spot outside Christiansted serving hearty Caribbean plates like goat stew, oxtail, and BBQ ribs in generous portions.",St. Croix,Caribbean;American,$,"288C Barren Spot, Christiansted, St. Croix 00820",Barren Spot,17.7199306,-64.7586898,(340) 474-0963,,,,https://s3-media0.fl.yelpcdn.com/bphoto/OSMRdzNml1VzAlcbk7nbFQ/o.jpg,takeout,vegetarian,11:00-21:00,11:00-21:00,11:00-21:00,11:00-21:00,11:00-21:00,closed,closed
Gary's Bakery,,"A downtown Christiansted bakery on King Street open since the early morning hours, famous for guava tarts, coconut rolls, and bush tea.",St. Croix,Bakery;Cafe,$,"33 King St, Christiansted, St. Croix 00820",Christiansted,17.7432762,-64.7076229,(340) 773-6361,,,,https://s3-media0.fl.yelpcdn.com/bphoto/35ZmbCQb7rF2A-wBVkk-OQ/o.jpg,takeout,,05:00-18:00,05:00-18:00,05:00-18:00,05:00-18:00,05:00-18:00,05:00-18:00,05:00-12:00
J & W Grocery,,"A hidden-gem lunch counter and grocery on the road into Christiansted, serving home-style Puerto Rican, Crucian, and Afro-Caribbean dishes like roast pork, stewed conch, and fresh fish.",St. Croix,Puerto Rican;Caribbean,$,"3260 Richmond, Christiansted, St. Croix 00820",Christiansted,17.7446685,-64.7107468,(340) 713-8100,,,jandwrestaurant,https://itin-dev.wanderlogstatic.com/freeImage/Au8GpuXPPACPW5HdrhOv2qCCU52n9X53,takeout,,08:00-16:30,08:00-16:30,08:00-16:30,08:00-16:30,08:00-16:30,08:00-16:30,closed
Daylight Bakery And Diamond Barrel Restaurant,,"A downtown Charlotte Amalie institution behind a small red door on Norre Gade, baking Caribbean pastries like guava tarts and dumb bread alongside hearty breakfast and lunch plates.",St. Thomas,Bakery;Caribbean,$,"18 Norre Gade, Charlotte Amalie, St. Thomas 00802",Charlotte Amalie,18.3414796,-64.9269639,(340) 776-1414,,,,https://s3-media0.fl.yelpcdn.com/bphoto/g2-GFX3eRy2a09rP8mHrjw/o.jpg,takeout,,06:00-18:00,06:00-18:00,06:00-18:00,06:00-18:00,06:00-18:00,06:00-18:00,closed
Seaside Market & Deli,,"St. Croix's only gourmet market, with a full-service bakery and deli near Gallows Bay east of Christiansted, serving made-to-order sandwiches, hot local lunch plates, fresh seafood, and specialty groceries since 1985.",St. Croix,Deli;Caribbean,$$,"2001 Mount Welcome Rd, Christiansted, St. Croix 00820",Christiansted,17.745158,-64.694021,(340) 719-9393,https://www.seasidemarketstx.com,seasidemarket,,https://s3-media0.fl.yelpcdn.com/bphoto/4qt7q3MXqvFbgsmObYpxXQ/o.jpg,takeout,,06:00-21:00,06:00-21:00,06:00-21:00,06:00-21:00,06:00-21:00,06:00-21:00,06:00-21:00
China Jade,,"A Chinese restaurant in Diamond Crest Plaza near Sunny Isle, Christiansted, serving pan-fried noodles, pad Thai, lo mein, egg foo young, and dinner specials for dine-in or takeout.",St. Croix,Chinese,$$,"Diamond Crest Plaza, Sunny Isle, Christiansted, St. Croix 00820",Sunny Isle,17.7290492,-64.7498102,(340) 773-8888,,,chinajade.stxusvi,https://s3-media0.fl.yelpcdn.com/bphoto/0J_6FXflgFCGEeDfRnX0nA/o.jpg,takeout,vegetarian,10:00-20:00,10:00-20:00,10:00-20:00,10:00-20:00,10:00-20:00,10:00-20:00,10:00-20:00
T's Restaurant & Chicken Fry,,"A Contant institution serving the Virgin Islands for over 50 years, dishing up cafeteria-style local plates like curry chicken, oxtail stew, mutton, steamed fish, and fungi from glass display cases.",St. Thomas,Caribbean;Seafood,$,"102 Contant, Charlotte Amalie, St. Thomas 00802",Contant,18.3377087,-64.9523893,(340) 777-8102,https://trestaurantandchickenfry.com/,,,https://trestaurantandchickenfry.com/wp-content/uploads/2025/01/DSC_3856-500x500.jpg,takeout,,06:00-20:00,06:00-20:00,06:00-20:00,06:00-20:00,06:00-20:00,06:00-20:00,10:00-18:00
Veranda Escape Bar & Restaurant,,"A hidden-alley gem off Dronningens Gade in Palm Passage, a family-run spot serving Latin-Caribbean plates like roast chicken with mofongo, ceviche, and conch in a private courtyard setting.",St. Thomas,Puerto Rican;Caribbean,$$,"17 Dronningens Gade, Charlotte Amalie, St. Thomas 00802",Charlotte Amalie,18.3428947,-64.9276614,(340) 204-5999,,,,https://dynamic-media-cdn.tripadvisor.com/media/photo-o/32/b2/bd/d4/delicious-drinks-ceviche.jpg?w=1200&h=1200&s=1,outdoor-seating,,11:00-22:00,11:00-22:00,11:00-22:00,11:00-22:00,11:00-22:00,11:00-22:00,11:00-22:00
Jump Up Deli & Dem Tings,,"A deli and island gift boutique tucked in a courtyard off Company Street in Christiansted, serving made-to-order sandwiches, salads, and soups on a covered gallery shaded by mahogany trees.",St. Croix,Deli,$,"6 Company St, Christiansted, St. Croix 00820",Christiansted,17.7445958,-64.7045616,(340) 712-0002,https://jumpupdeli.com/,,jumpupdeli,https://s3-media0.fl.yelpcdn.com/bphoto/uy8tAZT3WDcAu1CW9KZYUg/o.jpg,outdoor-seating;takeout,,closed,closed,11:00-17:00,11:00-17:00,11:00-17:00,11:00-16:00,closed
